state,abbr,fips,census_region,census_division,year,federal_climate_grants_usd,federal_climate_grants_per_capita_usd,federal_climate_grants_pct_current_gdp,ln_federal_climate_grants_plus1,population_thousand,real_gdp_billion_2017usd,current_gdp_billion_usd,total_energy_trillion_btu,renewable_energy_trillion_btu,renewable_share_pct,co2_total_thousand_metric_tons,co2_per_capita_metric_tons,co2_intensity_mt_per_million_2017usd
Alabama,AL,01,South,East South Central,2017,3033585.0,0.6218911439114391,0.001400446874761963,14.925255976053288,4878.0,216.6155,216.6155,1867.808,229.887,12.307849629083933,108168.0,22.174661746617467,499.35484764478997
Alabama,AL,01,South,East South Central,2018,3456784.83,0.7066199570727719,0.0015277675129649552,15.055849764424599,4892.0,220.8088,226.26379999999997,1912.768,233.969,12.231959129387358,112021.0,22.89881439084219,507.3212661814203
Alabama,AL,01,South,East South Central,2019,3875356.19,0.7895998757131214,0.001650505067756056,15.170148394585963,4908.0,225.2728,234.7982,1883.805,232.118,12.321763664498182,106084.0,21.614506927465364,470.9134880021024
Alabama,AL,01,South,East South Central,2020,4357543.0,0.8657943572422014,0.0018475203405424426,15.287419153858322,5033.0,223.0255,235.859,1795.052,235.538,13.121514028562961,98168.0,19.504867872044507,440.1649138775611
Alabama,AL,01,South,East South Central,2021,4069686.0,0.8058784158415842,0.001563309709017574,15.219076650284595,5050.0,233.9511,260.325,1927.979,239.815,12.438672827867938,108543.0,21.493663366336634,463.95592925188214
Alabama,AL,01,South,East South Central,2022,11381706.3,2.2418172739806974,0.0039675028313893275,16.24751800177167,5077.0,239.8466,286.8733,1912.683,240.015,12.548603192478836,109576.0,21.58282450265905,456.85867550342596
Alabama,AL,01,South,East South Central,2023,38634395.78,7.548729148104728,0.012481075628069436,17.469653545923933,5118.0,248.3137,309.5438,1866.307,230.116,12.330018587509988,101009.0,19.736029699101213,406.77981118238745
Alabama,AL,01,South,East South Central,2024,96317599.47,18.655355310865776,0.02960474876369738,18.38316162715052,5163.0,255.6294,325.3451,1906.213,235.474,12.352974195433564,104323.0,20.205888049583574,408.10251090054584
Alaska,AK,02,West,Pacific,2017,2012349.69,2.7157215789473685,0.003757826086956522,14.514814094218197,741.0,53.5509,53.5509,590.991,13.136,2.2227072831904375,33778.0,45.58434547908232,630.7643755753871
Alaska,AK,02,West,Pacific,2018,2275376.35,3.0873491858887383,0.004155027847777657,14.637656464744458,737.0,52.4796,54.762,594.282,13.694,2.3042932479866463,34573.0,46.91044776119403,658.7893200405491
Alaska,AK,02,West,Pacific,2019,2739395.0,3.7321457765667576,0.005021842506636162,14.823248016108032,734.0,52.3775,54.5496,596.184,12.952,2.172483662761832,34459.0,46.94686648501362,657.8969977566703
Alaska,AK,02,West,Pacific,2020,2652863.01,3.619185552523874,0.005115264270164687,14.791150372853963,733.0,50.901300000000006,51.8617,626.805,9.757,1.5566244685348714,36236.0,49.43519781718963,711.8875156430189
Alaska,AK,02,West,Pacific,2021,2623425.0,3.5692857142857144,0.00441929316240756,14.779991655116845,735.0,51.764,59.363,685.32,9.597,1.4003677114340745,39969.0,54.3795918367347,772.1389382582489
Alaska,AK,02,West,Pacific,2022,30726453.0,41.861652588555856,0.046780273284360366,17.240634535323526,734.0,50.5091,65.6825,730.475,10.437,1.4287963311543856,42327.0,57.666212534059945,838.0074085659812
Alaska,AK,02,West,Pacific,2023,21759069.0,29.604175510204083,0.03188950312679991,16.89554124006809,735.0,54.183800000000005,68.2327,747.53,10.114,1.3529891776918652,43365.0,59.0,800.3314643860341
Alaska,AK,02,West,Pacific,2024,413004573.93,560.3861247354139,0.5770863942280822,19.838969228176303,737.0,55.945699999999995,71.5672,760.053,9.866,1.2980673716175057,44008.0,59.7123473541384,786.6198832081823
Arizona,AZ,04,West,Mountain,2017,1746798.49,0.24784314557321227,0.000524408205968796,14.373295808631054,7048.0,333.099,333.099,1466.773,88.295,6.019677209765929,90454.0,12.83399545970488,271.552901689888
Arizona,AZ,04,West,Mountain,2018,2330012.03,0.3252389768285874,0.0006588077704985706,14.661384417800924,7164.0,346.3983,353.671,1477.873,92.79,6.278617986795888,94042.0,13.127024008933557,271.4851660646141
Arizona,AZ,04,West,Mountain,2019,2593136.0,0.3556138233680746,0.0006908089926732267,14.768378897679675,7292.0,359.5767,375.3767,1496.536,92.495,6.180606413744808,92514.0,12.687054306088864,257.2858586220965
Arizona,AZ,04,West,Mountain,2020,3311206.0,0.4607215806316961,0.0008479331283328792,15.012823333451632,7187.0,366.588,390.5032,1440.291,90.775,6.3025458049796885,80147.0,11.151662724363433,218.6296332667736
Arizona,AZ,04,West,Mountain,2021,3014354.0,0.41440115479791034,0.0006879950517647488,14.918896434908802,7274.0,396.4575,438.136,1483.627,99.186,6.685373075577622,82897.0,11.396343139950508,209.09429131748044
Arizona,AZ,04,West,Mountain,2022,35286140.0,4.787807327001357,0.0072200812649803915,17.379000838581227,7370.0,413.79879999999997,488.7222,1513.145,101.676,6.719514653255307,80462.0,10.917503392130257,194.4471564441463
Arizona,AZ,04,West,Mountain,2023,31233430.0,4.191281535158347,0.005891932730308146,17.256999585536718,7452.0,427.644,530.105,1531.01,108.851,7.109751079352845,83286.0,11.176328502415458,194.7554507955215
Arizona,AZ,04,West,Mountain,2024,513049070.85,67.89955940312335,0.08999462028358401,20.055882055187922,7556.0,446.9682,570.0885999999999,1568.088,122.459,7.8094469187953734,82197.0,10.878374801482266,183.89898878712177
Arkansas,AR,05,South,West South Central,2017,2278253.33,0.758406567909454,0.0018390422303051438,14.638920062938153,3004.0,123.88260000000001,123.88260000000001,1043.144,103.841,9.954617962620691,63851.0,21.25532623169108,515.4154013557998
Arkansas,AR,05,South,West South Central,2018,2773255.48,0.9207355511288181,0.002146253325883149,14.835532812206848,3012.0,126.3712,129.2138,1102.095,105.007,9.527944505691433,70495.0,23.404714475431607,557.8407105416424
Arkansas,AR,05,South,West South Central,2019,2923289.0,0.9676560741476332,0.0022041631417114922,14.888220252309273,3021.0,127.22,132.6258,1077.136,106.732,9.908869446383743,64891.00000000001,21.47997351870242,510.069171513913
Arkansas,AR,05,South,West South Central,2020,3422532.0,1.135544790975448,0.0025138707812721504,15.045891478172763,3014.0,128.3956,136.14589999999998,1012.039,91.389,9.030185595614398,54541.0,18.09588586595886,424.78869992429645
Arkansas,AR,05,South,West South Central,2021,3019372.73,0.9974802543772712,0.001957304225673498,14.92055999367387,3027.0,137.63479999999998,154.2618,1057.029,89.713,8.487278967748283,61836.0,20.42814667988107,449.27590987163137
Arkansas,AR,05,South,West South Central,2022,13323689.0,4.372723662618969,0.007937216250107975,16.405054211738644,3047.0,138.672,167.8635,1062.321,95.224,8.96376895495806,63372.0,20.798162126681984,456.9920387677397
Arkansas,AR,05,South,West South Central,2023,30834367.0,10.043767752442998,0.017311513136471533,17.244140470008286,3070.0,141.968,178.1148,1054.139,91.678,8.696955524840652,60456.0,19.692508143322474,425.8424433675195
Arkansas,AR,05,South,West South Central,2024,226724692.1,73.23148969638243,0.12038078667470885,19.23924703367476,3096.0,147.38989999999998,188.33960000000002,1059.524,100.106,9.448205043019318,58415.0,18.867894056847547,396.32973494113236
California,CA,06,West,Pacific,2017,10043561.88,0.25531450200823635,0.00036647974970574346,16.12244247780281,39338.0,2740.5503,2740.5503,7146.703,724.945,10.14376839222226,352385.0,8.957877878895724,128.581839931929
California,CA,06,West,Pacific,2018,2868663.94,0.07274041991023658,9.893544986880464e-05,14.869357301806744,39437.0,2850.9703,2899.5308999999997,7294.353,690.792,9.470229916210526,355096.0,9.004133174430104,124.55268299357591
California,CA,06,West,Pacific,2019,17722175.0,0.449367995334449,0.000577527324329814,16.69032729469908,39438.0,2969.609,3068.6297000000004,7232.052,788.792,10.906890603109602,355017.0,9.001901719154116,119.55008218253649
California,CA,06,West,Pacific,2020,12900846.73,0.32637236212305204,0.000419822671058049,16.372803582676607,39528.0,2930.6546000000003,3072.9276,6433.619,738.376,11.476837531100303,300104.0,7.592187816231532,102.40169551198561
California,CA,06,West,Pacific,2021,12140316.89,0.31007373355809265,0.0003551611270436993,16.312042528590524,39153.0,3151.1125,3418.2561,6778.817,809.581,11.942806539843161,322322.0,8.232370444154983,102.28831880804002
California,CA,06,West,Pacific,2022,56371404.0,1.4408026581469648,0.0015579571751814121,17.84747258435243,39125.0,3147.2113999999997,3618.2897000000003,6857.539,883.099,12.877783123070829,324564.0,8.295565495207669,103.12748612946687
California,CA,06,West,Pacific,2023,110582825.48,2.822286393752233,0.0028895378767633917,18.521275359046584,39182.0,3204.0164,3827.0072999999998,6814.876,1066.904,15.655515962432773,324499.0,8.281838599356847,101.27881992114648
California,CA,06,West,Pacific,2024,3633146513.35,92.29382734281722,0.08974924640352366,22.013364918122637,39365.0,3306.9286,4048.1081,6855.45,1173.475,17.117402942184683,315984.0,8.027029086752192,95.55210838238237
Colorado,CO,08,West,Mountain,2017,5871867.93,1.0453743866832828,0.001676674857963428,15.58568352784208,5617.0,350.2091,350.2091,1399.088,88.198,6.303963724940818,88447.0,15.746305857219156,252.55483081393376
Colorado,CO,08,West,Mountain,2018,6914614.0,1.213728980164999,0.0018492074974774224,15.749147845464504,5697.0,365.2045,373.9231,1447.764,90.564,6.255439422447305,89672.0,15.740214147797086,245.53914313761194
Colorado,CO,08,West,Mountain,2019,7492003.35,1.3011468131295587,0.001883152914864032,15.829346923165275,5758.0,383.7256,397.8436,1484.501,98.087,6.607405451394105,91371.0,15.868530739840223,238.11546584330054
Colorado,CO,08,West,Mountain,2020,7835648.0,1.3540086400552964,0.0019738088286822726,15.874194263781453,5787.0,380.544,396.98109999999997,1347.247,95.339,7.076579127658106,79569.0,13.749611197511664,209.09277245206863
Colorado,CO,08,West,Mountain,2021,7652863.0,1.3162819057447541,0.001716730378775422,15.850590514825322,5814.0,406.30920000000003,445.7813,1386.62,103.948,7.496502286134629,84878.0,14.59889920880633,208.90001998478004
Colorado,CO,08,West,Mountain,2022,40502981.0,6.920037758414488,0.008113620183117941,17.51688615899587,5853.0,422.5761,499.1974,1427.932,115.145,8.063759338679994,86558.0,14.788655390398086,204.83411153635996
Colorado,CO,08,West,Mountain,2023,44420556.0,7.513625845737483,0.008329865287399258,17.609212915748607,5912.0,440.22520000000003,533.2686,1370.92,115.331,8.412671782452659,82449.0,13.946041948579161,187.28823338600333
Colorado,CO,08,West,Mountain,2024,934811223.02,156.08803189514109,0.16763915030494966,20.655855167424676,5989.0,448.8385,557.633,1345.861,125.513,9.32585162955164,79572.0,13.286358323593253,177.28425703231787
Connecticut,CT,09,Northeast,New England,2017,3065752.84,0.857553241958042,0.0011193981636154584,14.935804048171804,3575.0,273.8751,273.8751,724.109,44.621,6.162193813362353,33469.0,9.361958041958042,122.20534104779881
Connecticut,CT,09,Northeast,New England,2018,2245808.59,0.628198206993007,0.0008005437424296539,14.624576633304708,3575.0,274.58279999999996,280.53540000000004,750.446,46.799,6.23615823123849,36957.0,10.337622377622377,134.59328115235186
Connecticut,CT,09,Northeast,New England,2019,3801630.0,1.0660768367919238,0.0013271442779747664,15.15094074313844,3566.0,275.22540000000004,286.4519,730.033,46.25,6.335330046723915,36248.0,10.16489063376332,131.70296055523943
Connecticut,CT,09,Northeast,New England,2020,4464731.0,1.24713156424581,0.0016017092864197362,15.311719748094903,3580.0,261.7371,278.7479,664.929,46.514,6.995333336341174,33443.0,9.341620111731844,127.77325033401837
Connecticut,CT,09,Northeast,New England,2021,4110094.42,1.1391614246119734,0.0013821668987039541,15.22895680274793,3608.0,270.77979999999997,297.366,699.038,49.283,7.0501174471201855,36240.0,10.044345898004435,133.83568493661642
Connecticut,CT,09,Northeast,New England,2022,11517581.0,3.1825313622547666,0.003581056770427193,16.259385295367473,3619.0,279.3485,321.6252,718.24,49.976,6.958119848518601,36985.0,10.219673943078199,132.3973459674922
Connecticut,CT,09,Northeast,New England,2023,34891975.0,9.583074704751441,0.010206754798424348,17.367767446698256,3641.0,283.2285,341.85179999999997,687.832,49.804,7.2407215715465405,36041.0,9.89865421587476,127.25061213825586
Connecticut,CT,09,Northeast,New England,2024,915103696.22,249.0755841643985,0.2564501667914209,20.634547947113486,3674.0,286.1601,356.8349,709.097,50.326,7.097195447167313,37092.0,10.095808383233534,129.61974782647894
Delaware,DE,10,South,South Atlantic,2017,874221.0,0.9125480167014614,0.0012568664492866137,13.681089626960631,958.0,69.55560000000001,69.55560000000001,274.293,7.068,2.5768065535759206,13724.0,14.325678496868475,197.30977807681907
Delaware,DE,10,South,South Atlantic,2018,1013017.0,1.0475873836608067,0.001380583569559529,13.828444552075915,967.0,70.8564,73.376,292.792,7.209,2.462157435995519,13947.0,14.422957600827301,196.8347248801802
Delaware,DE,10,South,South Atlantic,2019,1065600.0,1.0906857727737973,0.0013538219170250475,13.87904951720626,977.0,74.62780000000001,78.7105,291.612,7.653,2.624377597629727,13572.0,13.891504605936541,181.862523081211
Delaware,DE,10,South,South Atlantic,2020,1246846.0,1.2569012096774193,0.0016035119577351036,14.036128522667871,992.0,72.7288,77.7572,263.853,6.793,2.574539611071316,12192.0,12.290322580645162,167.63647963392768
Delaware,DE,10,South,South Atlantic,2021,783257.0,0.7793601990049751,0.0009374182421814691,13.571217422614815,1005.0,75.2055,83.5547,281.136,7.149,2.542897387741164,12688.0,12.624875621890547,168.7110650151917
Delaware,DE,10,South,South Atlantic,2022,3000270.9,2.9414420588235295,0.003092093714959435,14.914213475858764,1020.0,81.1118,97.0304,275.231,7.414,2.693737260701011,12719.0,12.469607843137254,156.80825724493846
Delaware,DE,10,South,South Atlantic,2023,12710643.1,12.28081458937198,0.012300721554206083,16.35795031851419,1035.0,82.09089999999999,103.3325,268.525,8.052,2.9986034819849174,12200.0,11.78743961352657,148.6157418179116
Delaware,DE,10,South,South Atlantic,2024,132416598.0,126.11104571428571,0.11932454731742659,18.701463563699644,1050.0,85.3505,110.9718,261.559,7.591,2.9022132673698855,11523.0,10.974285714285715,135.00799643821654
Florida,FL,12,South,South Atlantic,2017,3368567.0,0.1605838299089479,0.0003319220481030567,15.029998286205963,20977.0,1014.8669,1014.8669,4324.156,300.547,6.950419920095391,237498.0,11.321828669495162,234.01886493687005
Florida,FL,12,South,South Atlantic,2018,3991133.0,0.1877738414490708,0.000372277456203124,15.199585959012202,21255.0,1050.4338,1072.0856,4412.68,301.91,6.841873872567238,241154.0,11.345753940249352,229.5756286593215
Florida,FL,12,South,South Atlantic,2019,4486056.0,0.20873143495254048,0.00039569416733261715,15.316484700178625,21492.0,1084.9139,1133.718,4338.003,293.232,6.75960805006359,232922.0,10.837613995905453,214.69169120240787
Florida,FL,12,South,South Atlantic,2020,5934815.0,0.2748744847390116,0.0005184814929098176,15.596346583017937,21591.0,1072.4816,1144.6532,3954.381,278.16,7.034223561159131,207020.0,9.588254365244778,193.0289526645492
Florida,FL,12,South,South Atlantic,2021,5345076.0,0.24477153455144937,0.00041090436265834196,15.49168650832442,21837.0,1172.6553000000001,1300.8078,4257.181,296.634,6.967850321609535,225711.0,10.336172551174611,192.47855699795156
Florida,FL,12,South,South Atlantic,2022,44592455.15,1.9894911729276346,0.0030259086132269097,17.613075258064892,22414.0,1245.9276,1473.6881,4337.403,306.63,7.069437633533244,231500.0,10.328366199696617,185.8053389298062
Florida,FL,12,South,South Atlantic,2023,66848348.0,2.9154497797548955,0.004114650221774972,18.017937164124227,22929.0,1309.3922,1624.6423,4307.54,287.863,6.682770212232504,229833.0,10.02368180034018,175.52647709372334
Florida,FL,12,South,South Atlantic,2024,462435354.48,19.87601454826786,0.02678129977015827,19.952017333212613,23266.0,1352.2751,1726.7098999999998,4357.609,306.426,7.031975562745532,230847.0,9.922075131092582,170.71008702297334
Georgia,GA,13,South,South Atlantic,2017,3597107.44,0.34531126427954306,0.0006164251118982944,15.09564086956835,10417.0,583.5433,583.5433,2882.421,268.645,9.320116665816688,141265.0,13.56100604780647,242.08143594485617
Georgia,GA,13,South,South Atlantic,2018,4460328.3,0.4240258864911113,0.0007278563239042081,15.310733155351363,10519.0,600.9346999999999,612.8034,2948.666,272.511,9.24184020841967,141548.0,13.456412206483506,235.54639131339897
Georgia,GA,13,South,South Atlantic,2019,4931488.0,0.46400903274369587,0.0007625668822961273,15.411151528815044,10628.0,620.7449,646.6958000000001,2905.172,281.843,9.70142215331829,136268.0,12.821603312006022,219.5233500911566
Georgia,GA,13,South,South Atlantic,2020,6162232.0,0.5741388241870865,0.0009651284134728857,15.633949769822452,10733.0,603.2025,638.4883000000001,2658.733,286.914,10.791380706524498,116302.0,10.835926581570856,192.80755633473004
Georgia,GA,13,South,South Atlantic,2021,5640157.44,0.5225755063467062,0.0007988839506144861,15.545422715278244,10793.0,643.7484000000001,706.0046,2764.908,289.105,10.456224944916794,123963.0,11.485499861021031,192.5643621017155
Georgia,GA,13,South,South Atlantic,2022,18729651.0,1.713600274473925,0.002383141624488006,16.74561849442919,10930.0,670.1071999999999,785.9227,2852.217,300.92,10.550389398843075,125023.0,11.438517840805124,186.5716410747415
Georgia,GA,13,South,South Atlantic,2023,55949616.0,5.056906724511931,0.006694497300824775,17.8399621473011,11064.0,679.4472,835.7553,2873.369,299.782,10.43311875363032,127675.0,11.53967823571945,187.91011280935444
Georgia,GA,13,South,South Atlantic,2024,485439221.27,43.32731357283113,0.055069166829077705,20.00056465200961,11204.0,697.4509,881.5082,2960.655,298.104,10.068853007189286,127826.0,11.40896108532667,183.2759840155056
Hawaii,HI,15,West,Pacific,2017,427746.77,0.2999626718092567,0.0004892090365111099,12.96628897841531,1426.0,87.43639999999999,87.43639999999999,295.642,19.116,6.465928386359178,20161.0,14.138148667601683,230.57902658389415
Hawaii,HI,15,West,Pacific,2018,512457.6,0.3601248067463106,0.000563552046275575,13.146975206243976,1423.0,88.8364,90.9335,294.449,18.927,6.427938284728424,20045.0,14.086437104708363,225.63949011891523
Hawaii,HI,15,West,Pacific,2019,624031.1,0.44069992937853103,0.0006692725884328862,13.343957088336147,1416.0,88.8552,93.2402,296.631,18.371,6.193216487824941,20293.0,14.331214689265536,228.3828070838848
Hawaii,HI,15,West,Pacific,2020,727472.0,0.5013590627153687,0.0008579893381138841,13.497332163937003,1451.0,79.6968,84.788,219.585,18.358,8.360316050732063,14737.0,10.156443831840111,184.9133214884412
Hawaii,HI,15,West,Pacific,2021,705738.0,0.4877249481686247,0.0007533159273388682,13.467000759738513,1447.0,84.532,93.6842,255.903,20.086,7.8490678108502046,17178.0,11.871458189357291,203.21298443193112
Hawaii,HI,15,West,Pacific,2022,1304155.02,0.9069228233657858,0.0012545440745710863,14.081066661550839,1438.0,87.49119999999999,103.9545,270.404,20.471,7.570524104673009,18103.0,12.589012517385257,206.91223803079626
Hawaii,HI,15,West,Pacific,2023,10248442.32,7.141771651567945,0.009171669927206144,16.142636380795576,1435.0,89.6422,111.7402,271.755,20.963,7.713933506283234,17967.0,12.520557491289198,200.43015454774647
Hawaii,HI,15,West,Pacific,2024,159792128.08,111.35339935888503,0.13584600873605981,18.889384335264868,1435.0,91.878,117.6274,271.819,21.274,7.826531625824537,17955.0,12.512195121951219,195.42219029582708
Idaho,ID,16,West,Mountain,2017,2291017.0,1.3319866279069768,0.0031411720831259573,14.644506818235845,1720.0,72.9351,72.9351,468.82,94.432,20.1424853888486,18664.0,10.851162790697675,255.89873737062126
Idaho,ID,16,West,Mountain,2018,2593490.0,1.480302511415525,0.0032798928576848567,14.768515402553573,1752.0,77.6521,79.07239999999999,467.215,98.338,21.04769752683454,18994.0,10.841324200913242,244.6038162522327
Idaho,ID,16,West,Mountain,2019,2708694.0,1.5140827277808833,0.0032082355198544583,14.811977527058037,1789.0,81.1443,84.4294,485.154,96.734,19.938823548811303,20026.0,11.193963107881498,246.79490734407716
Idaho,ID,16,West,Mountain,2020,3019207.0,1.6328864250946458,0.003428703972890225,14.920505103301444,1849.0,82.7116,88.05680000000001,463.09,79.773,17.22624111943683,19323.0,10.450513791238507,233.6189845197046
Idaho,ID,16,West,Mountain,2021,2906796.0,1.5258771653543306,0.002910168885738571,14.882562345661336,1905.0,88.95519999999999,99.8841,490.781,74.428,15.165216257353077,20437.0,10.728083989501313,229.74486033419072
Idaho,ID,16,West,Mountain,2022,6022739.0,3.0997112712300567,0.005348330561221635,15.61105286323755,1943.0,92.7925,112.6097,513.797,79.076,15.390514152476559,20872.0,10.7421513124035,224.93197187272676
Idaho,ID,16,West,Mountain,2023,19392774.0,9.84404771573604,0.016081830628395338,16.780411131986593,1970.0,95.2865,120.58810000000001,512.597,77.869,15.191076030487888,21819.0,11.075634517766497,228.98311932960073
Idaho,ID,16,West,Mountain,2024,107242485.0,53.59444527736132,0.08312198201494053,18.490603052711982,2001.0,99.5673,129.0182,493.435,78.864,15.982652223697144,21105.0,10.547226386806596,211.96718199649885
Illinois,IL,17,Midwest,East North Central,2017,13065507.88,1.0223402097026604,0.001568814533826241,16.38548640604438,12780.0,832.8268,832.8268,3830.008,210.459,5.495001577020205,203549.0,15.92715179968701,244.4073605700489
Illinois,IL,17,Midwest,East North Central,2018,15422033.41,1.2119476157170923,0.0017705631381998341,16.55130785060067,12725.0,851.5172,871.0242,3957.944,204.322,5.162326702954868,210490.0,16.541453831041256,247.19406724843608
Illinois,IL,17,Midwest,East North Central,2019,17140333.22,1.353148592405463,0.0019138341637991347,16.656944970360367,12667.0,858.0183000000001,895.6018,3883.106,208.688,5.374254527174895,201210.0,15.884581984684614,234.50548782001502
Illinois,IL,17,Midwest,East North Central,2020,19763148.83,1.5445993614693239,0.0022958840324169925,16.799329641932697,12795.0,810.6931,860.8078,3544.398,207.628,5.857920019140062,167731.0,13.109105119187182,206.89827013453058
Illinois,IL,17,Midwest,East North Central,2021,18662011.0,1.4691026529166338,0.0019701794897700534,16.742000571793795,12703.0,857.1146,947.2239000000001,3627.711,224.076,6.17678751146384,182652.0,14.378650712430135,213.1010252304651
Illinois,IL,17,Midwest,East North Central,2022,81436662.9,6.458101736716892,0.007847532585121128,18.21533614602764,12610.0,872.9075,1037.7359000000001,3668.788,249.562,6.802300923356705,183070.0,14.517842981760507,209.72439806050468
Illinois,IL,17,Midwest,East North Central,2023,132912148.52,10.521028142167339,0.012074206113568377,18.705198938015215,12633.0,884.9653000000001,1100.7941,3479.416,246.514,7.084924596541489,166195.0,13.155624158948784,187.79832384388402
Illinois,IL,17,Midwest,East North Central,2024,906503736.5,71.36138994725655,0.07895644283224344,20.62510571115123,12703.0,899.1259,1148.1061000000002,3434.701,260.333,7.57949527484343,163981.0,12.90884043139416,182.3782409115342
Indiana,IN,18,Midwest,East North Central,2017,7217813.99,1.083430499849895,0.00201876678922782,15.792062832102424,6662.0,357.5358,357.5358,2631.104,151.217,5.747283269684514,175199.0,26.298258781146803,490.01806252688544
Indiana,IN,18,Midwest,East North Central,2018,8160198.56,1.2183037563451775,0.002162347128295346,15.914779182523603,6698.0,368.7629,377.37690000000003,2769.168,155.711,5.623024677448245,188552.0,28.150492684383398,511.3095704584165
Indiana,IN,18,Midwest,East North Central,2019,8912868.0,1.3241521319269054,0.0023160009635205606,16.003006745372172,6731.0,370.5072,384.8387,2732.808,149.685,5.47733320452809,175820.0,26.120932996582976,474.5386864276861
Indiana,IN,18,Midwest,East North Central,2020,10189510.0,1.5006642120765832,0.0026935497088235835,16.136869415823686,6790.0,359.9636,378.293,2502.235,139.421,5.571858758270106,153976.0,22.676877761413845,427.75436182991837
Indiana,IN,18,Midwest,East North Central,2021,8530168.26,1.2518591517464044,0.0020058198809276627,15.95911976217838,6814.0,386.8728,425.27090000000004,2649.744,157.321,5.937215066814002,165787.0,24.330349280892282,428.5310313880945
Indiana,IN,18,Midwest,East North Central,2022,35180651.0,5.142618184475954,0.007522383058829165,17.37600683035948,6841.0,393.4815,467.6796,2624.825,173.429,6.607259531587821,163535.0,23.905130828826195,415.6103908315893
Indiana,IN,18,Midwest,East North Central,2023,40069870.0,5.823262607179189,0.00806479024332318,17.506135263241035,6881.0,400.3695,496.8495,2553.684,175.175,6.859697597666743,153606.0,22.323208835925012,383.66059352672966
Indiana,IN,18,Midwest,East North Central,2024,815740628.37,117.62662269214131,0.1570191954192023,20.519607006237187,6935.0,412.0034,519.5165,2540.438,188.482,7.41927179486372,152299.0,21.960922855082913,369.6547164416604
Iowa,IA,19,Midwest,West North Central,2017,5377660.58,1.710451838422392,0.0028738333092852373,15.497764187092413,3144.0,187.125,187.125,1450.929,342.722,23.62086635527996,73839.0,23.485687022900763,394.59719438877755
Iowa,IA,19,Midwest,West North Central,2018,6101574.0,1.937007619047619,0.0031588987295701745,15.624057492537814,3150.0,189.2451,193.1551,1521.108,351.235,23.09073385979168,79855.0,25.35079365079365,421.9660112732113
Iowa,IA,19,Midwest,West North Central,2019,6298067.4,1.9930593037974684,0.003209001923444367,15.655753541174795,3160.0,188.4714,196.2625,1503.248,369.139,24.556094536630017,75125.0,23.77373417721519,398.60159154121
Iowa,IA,19,Midwest,West North Central,2020,6962774.0,2.1820037605766216,0.00349099421608266,15.75608865974468,3191.0,187.26170000000002,199.4496,1349.865,366.009,27.11448922670045,63357.0,19.85490441867753,338.333999958347
Iowa,IA,19,Midwest,West North Central,2021,6709065.0,2.0972381994373244,0.00298107398492726,15.71897030402831,3199.0,202.47060000000002,225.0553,1385.997,389.786,28.12314889570468,71166.0,22.24632697718037,351.48806789726507
Iowa,IA,19,Midwest,West North Central,2022,13751651.0,4.294706745783885,0.0056323030937495905,16.436669520314513,3202.0,202.6725,244.15679999999998,1428.619,423.485,29.642962889335788,71577.0,22.353841349156777,353.16582170743436
Iowa,IA,19,Midwest,West North Central,2023,34475557.0,10.723345878693623,0.01361774049884167,17.355761167154423,3215.0,201.35979999999998,253.1665,1403.266,416.511,29.6815429148857,67890.0,21.116640746500778,337.1576650354242
Iowa,IA,19,Midwest,West North Central,2024,29939814.81,9.269292510835912,0.011264271762583497,17.214699784966225,3230.0,206.4389,265.7945,1398.574,440.414,31.490217893368527,65232.0,20.195665634674924,315.986957884391
Kansas,KS,20,Midwest,West North Central,2017,3003032.0,1.031615252490553,0.0018060786559020792,14.915133335916078,2911.0,166.27360000000002,166.27360000000002,985.825,111.662,11.326756777318488,58750.0,20.182068017863276,353.3333012576861
Kansas,KS,20,Midwest,West North Central,2018,3393153.0,1.1648311019567457,0.0019571403851810837,15.037270430299012,2913.0,169.7969,173.373,1044.285,114.768,10.99010327640443,62600.0,21.489872983178852,368.6757532086864
Kansas,KS,20,Midwest,West North Central,2019,3387774.46,1.1629847099210435,0.0019241196963914109,15.035684057469243,2913.0,169.5623,176.06879999999998,1031.484,122.904,11.915259955559176,60333.0,20.711637487126673,355.8161218619941
Kansas,KS,20,Midwest,West North Central,2020,4003862.0,1.362784887678693,0.002282890955699898,15.20277020304766,2938.0,166.6214,175.3856,970.696,129.819,13.373806011356798,57574.0,19.59632402995235,345.53784807953843
Kansas,KS,20,Midwest,West North Central,2021,3818987.0,1.2994171486900306,0.002020699675596966,15.155496024018898,2939.0,170.40120000000002,188.99329999999998,968.284,135.55,13.998992031263558,59657.0,20.298400816604286,350.0972997842738
Kansas,KS,20,Midwest,West North Central,2022,41792289.0,14.22474098025868,0.019586879150091295,17.54822243072127,2938.0,177.7761,213.3688,1002.81,151.818,15.13925868310049,62417.0,21.244724302246425,351.09893849623205
Kansas,KS,20,Midwest,West North Central,2023,24770345.0,8.396727118644067,0.011016322787548927,17.025157769878277,2950.0,180.2675,224.85129999999998,959.507,139.853,14.575505962958063,56919.0,19.29457627118644,315.7474309012994
Kansas,KS,20,Midwest,West North Central,2024,33447228.07,11.28068400337268,0.014509336879197265,17.325479503140144,2965.0,181.5996,230.5221,959.338,152.059,15.850409344777336,55090.0,18.580101180438447,303.35969903017406
Kentucky,KY,21,South,East South Central,2017,5154553.22,1.1567668806104128,0.002532153632272897,15.455391196427264,4456.0,203.564,203.564,1624.233,77.592,4.777147121133483,115807.0,25.98900359066427,568.8972509874045
Kentucky,KY,21,South,East South Central,2018,5800888.0,1.2994820788530466,0.002755647143045122,15.573521739633172,4464.0,205.9401,210.50910000000002,1708.797,78.493,4.593465461374288,121764.0,27.276881720430108,591.2593030691934
Kentucky,KY,21,South,East South Central,2019,6030546.0,1.3485120751341682,0.0027327255721890822,15.612348277690344,4472.0,211.78310000000002,220.6788,1685.758,78.258,4.642303343659053,114553.0,25.61560822898032,540.897739243594
Kentucky,KY,21,South,East South Central,2020,6789293.0,1.506054347826087,0.003100861572076734,15.73085751769302,4508.0,206.6019,218.9486,1544.128,69.133,4.477154743648195,101056.0,22.4170363797693,489.13393342462
Kentucky,KY,21,South,East South Central,2021,6491005.0,1.4398857586512865,0.002719386812471381,15.68592808437198,4508.0,215.535,238.6937,1642.879,71.742,4.366846249784677,110651.0,24.54547471162378,513.3783376249797
Kentucky,KY,21,South,East South Central,2022,31934388.0,7.0635673523556735,0.012161469016316904,17.279194012181676,4521.0,220.6418,262.5866,1671.383,79.84,4.7768823782460395,109644.0,24.252156602521566,496.9321316269175
Kentucky,KY,21,South,East South Central,2023,37700701.0,8.285868351648352,0.01330921280470735,17.44518927293453,4550.0,226.9424,283.2677,1607.542,74.801,4.653128814052759,104560.0,22.98021978021978,460.73364871438747
Kentucky,KY,21,South,East South Central,2024,183617159.28,40.056099319371725,0.06216401956426282,19.02836349736037,4584.0,230.9664,295.3753,1644.72,74.804,4.548129772848874,106871.0,23.31391797556719,462.712325255968
Louisiana,LA,22,South,West South Central,2017,2170351.12,0.4643455541292255,0.0009049513344204892,14.590399979633837,4674.0,239.8307,239.8307,4180.807,154.436,3.693927990457345,192867.0,41.26379974326059,804.1797818210929
Louisiana,LA,22,South,West South Central,2018,2613929.0,0.5604478987993139,0.001019296580467345,14.776365393924806,4664.0,245.22029999999998,256.4444,4220.13,150.85,3.5745344337733673,194305.0,41.66059176672384,792.369147252491
Louisiana,LA,22,South,West South Central,2019,2478699.65,0.5321381816230142,0.0009626055440992003,14.72324504938951,4658.0,246.6744,257.499,4257.391,139.777,3.2831609781671447,195398.0,41.948905109489054,792.1292197325706
Louisiana,LA,22,South,West South Central,2020,3321255.0,0.7139413155631986,0.0014214537003749165,15.015853582603267,4652.0,225.636,233.652,4178.004,135.466,3.24236166360779,183341.0,39.41122098022356,812.5520750234891
Louisiana,LA,22,South,West South Central,2021,3110565.0,0.6719734283862605,0.001139136969340076,14.950315261165729,4629.0,242.5821,273.06329999999997,4257.494,135.903,3.1920890552047756,188670.0,40.758263123784836,777.7573036097882
Louisiana,LA,22,South,West South Central,2022,33098998.0,7.193870462942838,0.010877119336127294,17.31501359819816,4601.0,240.043,304.2993,4280.254,145.634,3.4024616296135695,193627.0,42.08367746142143,806.6346446261712
Louisiana,LA,22,South,West South Central,2023,52656487.0,11.449551424222657,0.016556337277542785,17.779300017822102,4599.0,248.9494,318.04429999999996,4217.657,146.369,3.470386520288397,186845.0,40.62731028484453,750.5340442676303
Louisiana,LA,22,South,West South Central,2024,582872279.71,126.29951889707476,0.17707182358627446,20.18347864777628,4615.0,257.0559,329.1728,4264.603,153.884,3.608401532334897,186893.0,40.49685807150596,727.0519758542791
Maine,ME,23,Northeast,New England,2017,3414493.09,2.5557583008982037,0.005419778684647447,15.04353989652807,1336.0,63.0006,63.0006,355.19,121.133,34.10371913623694,15274.0,11.432634730538922,242.44213547172566
Maine,ME,23,Northeast,New England,2018,3708058.23,2.7672076343283583,0.005599942959405582,15.126019179110965,1340.0,64.80630000000001,66.216,356.678,122.829,34.43694312517172,14707.0,10.975373134328358,226.93781314470968
Maine,ME,23,Northeast,New England,2019,3973952.0,2.952416047548291,0.0057007977483441805,15.195271875149276,1346.0,66.7584,69.7087,350.876,120.891,34.45405214377729,14393.0,10.693164933135215,215.59833668871633
Maine,ME,23,Northeast,New England,2020,4425426.0,3.2420703296703297,0.006120100069561899,15.302877328943755,1365.0,67.6392,72.30969999999999,323.556,98.14,30.33168910482266,13456.0,9.857875457875458,198.9378940022945
Maine,ME,23,Northeast,New England,2021,4245432.0,3.078630891950689,0.0053463799434814805,15.26135437488141,1379.0,71.3535,79.4076,333.066,95.138,28.564308575477536,14372.0,10.422044960116025,201.4196920963933
Maine,ME,23,Northeast,New England,2022,9344281.0,6.712845545977012,0.010826342303262865,16.050275163389266,1392.0,72.8844,86.31060000000001,330.259,96.245,29.142279241443838,14991.0,10.769396551724139,205.68187431055205
Maine,ME,23,Northeast,New England,2023,29606500.0,21.117332382310984,0.03158235531309804,17.203504523557886,1402.0,75.514,93.74380000000001,327.687,91.717,27.989209214891037,15378.0,10.968616262482168,203.64435733771222
Maine,ME,23,Northeast,New England,2024,139742931.89,99.24924139914772,0.1409066801614534,18.755315099060688,1408.0,77.7586,99.17410000000001,333.196,94.653,28.40760393282032,15994.0,11.359375,205.68785960652585
Maryland,MD,24,South,South Atlantic,2017,4035460.9,0.669452704047777,0.0010095858168767957,15.210631326492727,6028.0,399.7145,399.7145,1297.897,60.69,4.676025909606079,54771.0,9.086098208360982,137.0253018091663
Maryland,MD,24,South,South Atlantic,2018,3476842.89,0.5754456951340616,0.0008464171323347902,15.061635512081569,6042.0,402.4809,410.7718,1342.915,64.791,4.824653831404072,61459.0,10.171962926183383,152.7004138581483
Maryland,MD,24,South,South Atlantic,2019,4505670.0,0.7441238645747317,0.0010743348221566669,15.32084738354926,6055.0,402.50620000000004,419.3916,1312.03,57.955,4.417200826200621,56702.0,9.3644921552436,140.87236420209177
Maryland,MD,24,South,South Atlantic,2020,4758494.0,0.7702321139527355,0.0011499377121321783,15.375441999742696,6178.0,389.17859999999996,413.8045,1164.32,48.563,4.17093238972104,47778.0,7.733570734865652,122.76625693190736
Maryland,MD,24,South,South Atlantic,2021,4485235.0,0.7262362370466321,0.0010018074026226101,15.316301671934582,6176.0,407.1601,447.7143,1220.62,52.729,4.3198538447674135,52310.0,8.469883419689118,128.4752607143971
Maryland,MD,24,South,South Atlantic,2022,11544596.0,1.8671512210900858,0.00239583332468631,16.261728093275376,6183.0,412.6707,481.8614,1207.838,51.43,4.258021357168759,50639.0,8.190037198770824,122.71043231322214
Maryland,MD,24,South,South Atlantic,2023,32588655.0,5.251999194198227,0.006327453095988067,17.299474810319303,6205.0,420.558,515.0359,1187.258,54.014,4.549474503435648,48977.0,7.8931506849315065,116.45718307581832
Maryland,MD,24,South,South Atlantic,2024,80611536.46,12.908172371497196,0.01476324976136772,18.205152341897648,6245.0,433.1059,546.0284,1201.574,54.033,4.496851629612491,48766.0,7.8088070456365095,112.5960186642574
Massachusetts,MA,25,Northeast,New England,2017,7270254.54,1.0591862674825174,0.001371411308257946,15.799301998823182,6864.0,530.1294,530.1294,1387.116,73.642,5.309000833383797,64532.0,9.401515151515152,121.72877037191296
Massachusetts,MA,25,Northeast,New England,2018,8123535.41,1.179717602381644,0.0014516552586199196,15.910276135800125,6886.0,549.2621,559.605,1415.812,75.874,5.359044844937039,63946.0,9.28637815858263,116.42165006469588
Massachusetts,MA,25,Northeast,New England,2019,8541888.0,1.238852501812908,0.0014525303556807488,15.960492735684273,6895.0,566.3268,588.0695,1414.168,75.036,5.306017389730217,63224.0,9.169543147208122,111.6387216709504
Massachusetts,MA,25,Northeast,New England,2020,9667734.0,1.3840707229778095,0.0016307066393075548,16.084304610417437,6985.0,560.3958,592.8555,1218.446,71.432,5.862549509785415,52160.0,7.467430207587688,93.0770715983239
Massachusetts,MA,25,Northeast,New England,2021,9198161.84,1.31458651422038,0.0014144298585533517,16.03451433077396,6997.0,597.42,650.3088,1281.202,75.363,5.8822106115975465,56074.0,8.01400600257253,93.86026580964815
Massachusetts,MA,25,Northeast,New England,2022,21813528.3,3.1051285836298934,0.003132673366717261,16.898040945352257,7025.0,607.4706,696.3231,1324.255,81.547,6.157952962231594,59312.0,8.442989323843417,97.63764699065271
Massachusetts,MA,25,Northeast,New England,2023,58650865.06,8.29221901032094,0.007948699869380325,17.88711289953615,7073.0,614.7861,737.8674,1281.984,82.336,6.422545055164496,56742.0,8.022338470238937,92.29551546464697
Massachusetts,MA,25,Northeast,New England,2024,579952923.44,81.23727741140216,0.07449396170237145,20.178457493452083,7139.0,628.7869000000001,778.5234,1289.504,82.703,6.41355125691739,58072.0,8.134472615212214,92.35561364271425
Michigan,MI,26,Midwest,East North Central,2017,16604669.64,1.664294842136915,0.0032873926606830513,16.625194577606806,9977.0,505.1015,505.1015,2760.593,197.415,7.151180923808761,155278.0,15.563596271424275,307.4193998631958
Michigan,MI,26,Midwest,East North Central,2018,13193482.73,1.3210656583558626,0.0025118922082976035,16.395233608849775,9987.0,516.843,525.2408,2874.333,205.713,7.156895182290987,163322.0,16.35345949734655,315.99924928846866
Michigan,MI,26,Midwest,East North Central,2019,19449753.0,1.9478971457185779,0.0036002240126699883,16.783344980133837,9985.0,521.0851,540.2373,2842.77,201.965,7.104514258979798,159031.0,15.926990485728593,305.19199263229746
Michigan,MI,26,Midwest,East North Central,2020,21729839.06,2.157450264098491,0.004098722230385356,16.894196991874185,10072.0,502.6223,530.1613000000001,2563.136,183.354,7.153502584334191,136558.0,13.558181096108022,271.691088915076
Michigan,MI,26,Midwest,East North Central,2021,20690210.5,2.060367506472814,0.0036087824032746264,16.845171271999106,10042.0,528.7018,573.3294000000001,2661.655,194.063,7.291065145557932,147662.0,14.70444134634535,279.2916536315934
Michigan,MI,26,Midwest,East North Central,2022,74409520.0,7.408355236957387,0.011921293640931717,18.12509446204591,10044.0,539.8075,624.1732,2719.636,211.357,7.771517953137846,154360.0,15.368379131819992,285.95378908221915
Michigan,MI,26,Midwest,East North Central,2023,112991539.0,11.229530808984297,0.016713963180375806,18.542823506617285,10062.0,554.5562,676.0308,2544.64,202.851,7.971697371730382,140979.0,14.01103160405486,254.2195002057501
Michigan,MI,26,Midwest,East North Central,2024,725501935.01,71.83187475346534,0.10327916304810945,20.40237429880322,10100.0,562.1776,702.4669,2525.936,208.805,8.266440638242615,143105.0,14.16881188118812,254.5547883800422
Minnesota,MN,27,Midwest,West North Central,2017,10485051.81,1.8827530633866045,0.0029558512767325616,16.165461259024596,5569.0,354.7219,354.7219,1779.864,217.59,12.225091355294563,90418.0,16.235949003411744,254.8982738308517
Minnesota,MN,27,Midwest,West North Central,2018,11741540.1,2.0933392939917987,0.003152605874999194,16.278643632914427,5609.0,364.79970000000003,372.4392,1857.732,223.38,12.024339355730536,93512.0,16.671777500445714,256.33793010246444
Minnesota,MN,27,Midwest,West North Central,2019,12491521.0,2.2148086879432625,0.003245813825743107,16.34056073216373,5640.0,369.61740000000003,384.85020000000003,1822.743,224.857,12.336187822419289,90663.0,16.075,245.28877698939496
Minnesota,MN,27,Midwest,West North Central,2020,13247427.55,2.3196336105760813,0.003495645703848385,16.399314019864043,5711.0,357.8315,378.9694,1641.082,206.257,12.568354293082246,77110.0,13.502013657853265,215.49248738582264
Minnesota,MN,27,Midwest,West North Central,2021,12831089.33,2.24555291039552,0.003083344726882825,16.36738171583367,5714.0,377.9758,416.1419,1722.779,216.108,12.54415104897378,82587.0,14.45344767238362,218.49811548781696
Minnesota,MN,27,Midwest,West North Central,2022,24843703.0,4.337238652234637,0.005431578434163297,17.02811491824484,5728.0,385.92179999999996,457.3938,1756.803,230.038,13.094126091542421,84259.0,14.71002094972067,218.33179675260638
Minnesota,MN,27,Midwest,West North Central,2023,61706571.98,10.725981571354076,0.012769818423002264,17.93790101448195,5753.0,389.8645,483.222,1687.864,224.0,13.27121142461715,80817.0,14.047801147227533,207.29509868172147
Minnesota,MN,27,Midwest,West North Central,2024,442409745.17,76.31701658961532,0.08714208715868295,19.907747038151257,5797.0,399.25329999999997,507.6878,1648.756,227.397,13.792034721935808,77890.0,13.436260134552354,195.08918273186472
Mississippi,MS,28,South,East South Central,2017,1904190.46,0.6366400735539953,0.0017266651130653041,14.459568046000648,2991.0,110.28139999999999,110.28139999999999,1068.007,70.825,6.631510842157401,60161.0,20.1140086927449,545.5226357300506
Mississippi,MS,28,South,East South Central,2018,2253522.73,0.7554551558833389,0.0019913355289202447,14.628005651343619,2983.0,110.1748,113.1664,1104.531,70.844,6.413944017868217,62974.0,21.11096211867248,571.5826123578169
Mississippi,MS,28,South,East South Central,2019,2330090.87,0.7824348119543318,0.002006351940015,14.661418253949122,2978.0,111.2078,116.1357,1092.244,66.986,6.132878734055761,62400.0,20.953660174613834,561.1117205807506
Mississippi,MS,28,South,East South Central,2020,2881524.0,0.9741460446247464,0.002453580332693015,14.873830225858008,2958.0,111.195,117.44160000000001,1035.771,65.069,6.28218013441195,62938.0,21.277214334009464,566.014658932506
Mississippi,MS,28,South,East South Central,2021,2710597.0,0.9194698100407056,0.0020786053559460325,14.81267983271976,2948.0,116.07839999999999,130.40460000000002,1081.517,66.133,6.114836844913209,62836.0,21.314789687924016,541.323794952377
Mississippi,MS,28,South,East South Central,2022,12062191.0,4.1013910234614075,0.008511031284706492,16.30558649062463,2941.0,115.7003,141.72420000000002,1099.605,67.958,6.180219260552653,65056.0,22.120367222033323,562.2803052368922
Mississippi,MS,28,South,East South Central,2023,21622311.0,7.349527872195785,0.014271031516336342,16.889236302478224,2942.0,119.4542,151.5119,1076.469,68.636,6.37603126518274,63914.0,21.724677090414684,535.0502535699875
Mississippi,MS,28,South,East South Central,2024,104983152.26,35.58750924067797,0.06636421993724098,18.469310450106242,2950.0,123.4193,158.1924,1069.829,71.035,6.639846181025192,64747.0,21.94813559322034,524.6100083212269
Missouri,MO,29,Midwest,West North Central,2017,6670651.32,1.091580972017673,0.0021430172793212923,15.713228212210236,6111.0,311.2738,311.2738,1723.077,82.699,4.799495321451102,124042.0,20.298150875470462,398.49804255931593
Missouri,MO,29,Midwest,West North Central,2018,7491447.2,1.2228937642833824,0.0023377780607118205,15.829272687938326,6126.0,314.18240000000003,320.4516,1836.775,87.913,4.786269412421227,124378.0,20.303297420829253,395.87831781792994
Missouri,MO,29,Midwest,West North Central,2019,8111531.0,1.3210962540716613,0.0024231594185754033,15.908797310841145,6140.0,321.3291,334.7502,1772.161,91.83,5.181809101994683,116668.0,19.00130293159609,363.0794721050786
Missouri,MO,29,Midwest,West North Central,2020,8914988.0,1.4484139723801788,0.0026535008399539485,16.003244575403127,6155.0,316.1586,335.9708,1654.404,77.057,4.657689415644546,108354.0,17.604224207961007,342.72039413129994
Missouri,MO,29,Midwest,West North Central,2021,8467801.0,1.3717480965494897,0.002312386825420796,15.951781528818982,6173.0,331.578,366.19309999999996,1696.19,88.878,5.23986110046634,116558.0,18.881905070468168,351.52513134164514
Missouri,MO,29,Midwest,West North Central,2022,20425516.35,3.305634625343907,0.005138017716091262,16.832295527642927,6179.0,337.22540000000004,397.5369,1730.077,95.734,5.533510936218446,113100.0,18.30393267519016,335.38398946224095
Missouri,MO,29,Midwest,West North Central,2023,51060197.55,8.22755358524009,0.011905271513052497,17.748515858332528,6206.0,346.89529999999996,428.8873,1678.345,90.693,5.4037161608608475,101275.0,16.31888495004834,291.9468784961918
Missouri,MO,29,Midwest,West North Central,2024,251077273.43,40.21096627642537,0.05595489360587832,19.341271315969948,6244.0,353.30740000000003,448.7137,1667.243,91.309,5.476646175752425,98033.0,15.700352338244715,277.47225220869984
Montana,MT,30,West,Mountain,2017,2782888.0,2.6403111954459204,0.005741405597218927,14.83900015469643,1054.0,48.4705,48.4705,382.378,64.575,16.88773935738981,31270.0,29.667931688804554,645.1346695412674
Montana,MT,30,West,Mountain,2018,3129324.0,2.946632768361582,0.006117684317945891,14.956327884307386,1062.0,49.455,51.1521,393.748,69.952,17.765677539949408,31272.0,29.44632768361582,632.332423415226
Montana,MT,30,West,Mountain,2019,3233498.0,3.0219607476635515,0.006133854115290351,14.989075390606327,1070.0,50.2635,52.7156,406.253,65.468,16.115080996324952,32320.999999999996,30.206542056074763,643.031225441921
Montana,MT,30,West,Mountain,2020,3517376.0,3.2358564857405705,0.006629391243052322,15.073226099342229,1087.0,50.0629,53.057300000000005,370.978,59.811,16.12251939468109,26236.0,24.136154553817846,524.0607315996476
Montana,MT,30,West,Mountain,2021,3420101.0,3.0923155515370704,0.005670417542626352,15.045180933155448,1106.0,53.3459,60.314800000000005,380.255,56.334,14.814795334709604,28497.0,25.765822784810126,534.1928808024609
Montana,MT,30,West,Mountain,2022,34831949.0,31.044517825311942,0.05041693178824626,17.36604562699379,1122.0,55.8069,69.0878,389.202,60.905,15.648686286298632,29643.0,26.419786096256683,531.1708767195454
Montana,MT,30,West,Mountain,2023,22580119.0,19.964738284703802,0.030231661942715447,16.932580431109223,1131.0,58.6049,74.69030000000001,382.214,58.731,15.365999152307348,29414.0,26.00707338638373,501.90342445768187
Montana,MT,30,West,Mountain,2024,100865605.46,88.63409970123023,0.12858786280134113,18.4292995596236,1138.0,60.6057,78.441,369.309,64.697,17.518392457264785,27163.0,23.86906854130053,448.19216674339214
Nebraska,NE,31,Midwest,West North Central,2017,2807971.22,1.464773719353156,0.002278829328704211,14.847973150916507,1917.0,123.2199,123.2199,838.453,148.734,17.739098077053814,47598.0,24.829420970266042,386.28500753530886
Nebraska,NE,31,Midwest,West North Central,2018,3246949.0,1.6858509865005191,0.0025375829201653086,14.99322665213673,1926.0,125.54339999999999,127.95439999999999,874.007,150.75,17.248145609817772,52111.0,27.056593977154726,415.08354879667115
Nebraska,NE,31,Midwest,West North Central,2019,3354642.0,1.7354588722193482,0.0025251693286021185,15.025855914380397,1933.0,127.5689,132.84820000000002,866.776,156.735,18.082526512040022,50333.0,26.03879979306777,394.55541280045526
Nebraska,NE,31,Midwest,West North Central,2020,3737428.0,1.90393683138054,0.002768167863451703,15.133908499845122,1963.0,126.71119999999999,135.0145,813.133,145.474,17.89055418978199,46373.0,23.62353540499236,365.9739628383284
Nebraska,NE,31,Midwest,West North Central,2021,3598354.0,1.8312234096692113,0.002383765754127954,15.095987354550967,1965.0,135.16639999999998,150.9525,843.982,158.274,18.753243552587616,47106.0,23.972519083969466,348.50377016773405
Nebraska,NE,31,Midwest,West North Central,2022,32459583.0,16.45189204257476,0.01933957597762634,17.29550630419534,1973.0,139.87810000000002,167.8402,848.203,168.474,19.862462170022976,48249.0,24.454637607704004,344.93605503649246
Nebraska,NE,31,Midwest,West North Central,2023,18777920.03,9.445633817907446,0.010217557988887856,16.748192324338596,1988.0,147.1465,183.7809,838.213,164.526,19.6281851987502,45527.0,22.900905432595575,309.3991362349767
Nebraska,NE,31,Midwest,West North Central,2024,384416584.49,191.63339206879363,0.20313416818191665,19.767237380565636,2006.0,148.1028,189.2427,845.742,168.64,19.93988710505095,43538.0,21.703888334995014,293.9714846714579
Nevada,NV,32,West,Mountain,2017,1236296.9,0.4159814602960969,0.0007575390428010937,14.027631907376735,2972.0,163.19910000000002,163.19910000000002,699.397,50.374,7.202490145082121,40195.0,13.524562584118438,246.29425039721417
Nevada,NV,32,West,Mountain,2018,1471617.0,0.4855219399538106,0.0008528744771741644,14.20187303372262,3031.0,168.6385,172.5479,714.838,54.345,7.602421807458473,41373.0,13.649950511382382,245.33543645134415
Nevada,NV,32,West,Mountain,2019,1657398.0,0.5362012293756065,0.0008977780859330777,14.320760064042245,3091.0,176.02970000000002,184.6111,715.066,58.266,8.148338754744316,41754.0,13.508249757360078,237.198609098351
Nevada,NV,32,West,Mountain,2020,2041553.36,0.6549738081488611,0.0011587969260756265,14.529222016867056,3117.0,165.92479999999998,176.17870000000002,643.726,57.515,8.934702031609723,36212.0,11.61758100737889,218.24344522337833
Nevada,NV,32,West,Mountain,2021,1895742.0,0.602205209656925,0.0009380598322148648,14.455121404086366,3148.0,182.61829999999998,202.09179999999998,687.648,63.622,9.252117362371445,39466.0,12.53684879288437,216.11196687298045
Nevada,NV,32,West,Mountain,2022,5925907.0,1.8646655129011958,0.0025494581563505776,15.594844482189197,3178.0,194.4639,232.43789999999998,706.678,72.818,10.30426870512454,40465.0,12.732850849590937,208.08489390575835
Nevada,NV,32,West,Mountain,2023,20667990.73,6.4366212176891935,0.008154877532765711,16.844096768253657,3211.0,201.1586,253.4433,686.412,74.918,10.914436227804876,39129.0,12.185923388352538,194.5181563204357
Nevada,NV,32,West,Mountain,2024,268707691.35,82.57765560848188,0.09988743612238185,19.409134701199765,3254.0,207.3519,269.0105,693.569,85.765,12.365748757513673,39278.0,12.070682237246466,189.42676676702746
New Hampshire,NH,33,Northeast,New England,2017,1769085.51,1.310433711111111,0.0021792242262834503,14.385973875281412,1350.0,81.17960000000001,81.17960000000001,310.352,54.9,17.68959117389287,13468.0,9.976296296296296,165.90374921778377
New Hampshire,NH,33,Northeast,New England,2018,2067855.83,1.5260928634686348,0.002465860511761353,14.542023281072671,1355.0,82.2695,83.8594,318.225,51.626,16.223112577578753,14198.0,10.478228782287824,172.57914536979075
New Hampshire,NH,33,Northeast,New England,2019,2193083.0,1.6113761939750184,0.0024958779171531907,14.600819330360029,1361.0,84.4382,87.8682,312.477,50.985,16.316400887105292,13907.0,10.218221895664952,164.70033705123984
New Hampshire,NH,33,Northeast,New England,2020,2480255.0,1.7985895576504713,0.002785501383622936,14.7238723386202,1379.0,83.68289999999999,89.0416,284.877,37.793,13.266427265100376,12381.0,8.978245105148659,147.95137357811456
New Hampshire,NH,33,Northeast,New England,2021,2333927.55,1.6815039985590776,0.0023472292984342267,14.66306347867797,1388.0,90.2967,99.4333,292.601,38.477,13.149989234486553,13282.0,9.569164265129682,147.09286164389175
New Hampshire,NH,33,Northeast,New England,2022,5431932.71,3.8882839727988547,0.005084908073608513,15.507805744537958,1397.0,91.7021,106.8246,297.991,40.414,13.562154561714953,13818.0,9.891195418754474,150.6835721319359
New Hampshire,NH,33,Northeast,New England,2023,15754100.0,11.236875891583452,0.013767720781138849,16.57261127029506,1402.0,93.64580000000001,114.4278,294.621,39.526,13.415880062860422,13493.0,9.62410841654779,144.08547954099382
New Hampshire,NH,33,Northeast,New England,2024,85967921.1,61.013428743789916,0.07203818535135072,18.269484785799204,1409.0,94.926,119.3366,297.767,37.275,12.518176963867722,13602.0,9.653655074520938,143.2905631755262
New Jersey,NJ,34,Northeast,Middle Atlantic,2017,6184965.01,0.695878151440144,0.001048145130198664,15.637632068239865,8888.0,590.0867,590.0867,2071.414,69.317,3.3463614709565532,98947.0,11.132650765076507,167.68213891280723
New Jersey,NJ,34,Northeast,Middle Atlantic,2018,6780116.7,0.7624962550607287,0.0010947322166395786,15.729505019647902,8892.0,606.8922,619.3402,2172.173,69.202,3.185842011662975,104718.0,11.776653171390013,172.54794179262808
New Jersey,NJ,34,Northeast,Middle Atlantic,2019,7808593.0,0.8782581261950286,0.0012138004286218148,15.87073548000112,8891.0,618.691,643.3177,2075.118,67.919,3.273018690985283,100578.0,11.312338319649083,162.5658042544663
New Jersey,NJ,34,Northeast,Middle Atlantic,2020,8649613.0,0.9330758360302049,0.001367393061521371,15.973025253634912,9270.0,598.4813,632.5623,1862.424,66.77,3.5851127348015273,83511.0,9.00873786407767,139.53819442645909
New Jersey,NJ,34,Northeast,Middle Atlantic,2021,8131077.0,0.8774227905471026,0.0011720745046587032,15.911204068059963,9267.0,631.1583,693.7338000000001,1965.578,69.996,3.561089918588832,88746.0,9.576561994172872,140.60814854213277
New Jersey,NJ,34,Northeast,Middle Atlantic,2022,21552106.0,2.317929232092923,0.0028490530170836585,16.88598414235641,9298.0,648.5124000000001,756.4656,2024.571,73.256,3.6183468003838843,92749.0,9.975155947515594,143.0180826149199
New Jersey,NJ,34,Northeast,Middle Atlantic,2023,53037914.92,5.645334211814795,0.006573095712695844,17.786517610460557,9395.0,662.3201,806.894,1984.101,74.487,3.7541939649241645,91419.0,9.730601383714742,138.02842462428666
New Jersey,NJ,34,Northeast,Middle Atlantic,2024,446237095.65,46.94267785083105,0.05274667667414814,19.916360975570047,9506.0,675.8976,846.0004,1977.184,74.443,3.765102286888828,87844.0,9.240900483904902,129.9664327850846
New Mexico,NM,35,West,Mountain,2017,2277312.84,1.0880615575728618,0.0024432039446369005,14.638507166026828,2093.0,93.21010000000001,93.21010000000001,657.867,41.939,6.374996769863818,49459.0,23.630673674151936,530.6184630206383
New Mexico,NM,35,West,Mountain,2018,2588328.89,1.2360691929321872,0.0026187535689642266,14.766523395567534,2094.0,96.077,98.8382,668.033,50.352,7.537352196672918,45681.0,21.81518624641834,475.46238954172173
New Mexico,NM,35,West,Mountain,2019,2996505.0,1.426907142857143,0.00288622244054671,14.91295750121443,2100.0,100.34219999999999,103.821,702.127,56.637,8.06648939579307,48807.0,23.24142857142857,486.40552030950096
New Mexico,NM,35,West,Mountain,2020,3024147.33,1.4278316005665723,0.0029931532283207388,14.922140066004529,2118.0,98.004,101.0355,655.114,49.82,7.604783289625927,45095.0,21.291312559017943,460.13428023345983
New Mexico,NM,35,West,Mountain,2021,2911975.27,1.375519730751063,0.0025592650399844617,14.884342539227049,2117.0,101.4992,113.7817,680.615,62.205,9.139528220800305,45880.0,21.672177609825223,452.0232671784605
New Mexico,NM,35,West,Mountain,2022,39255672.0,18.57816942735447,0.03032049500614432,17.48560652678036,2113.0,104.2128,129.4691,683.812,77.285,11.302083028668699,46622.0,22.064363464268812,447.3730674159028
New Mexico,NM,35,West,Mountain,2023,18558834.0,8.758298253893345,0.013397365115573972,16.736456513955694,2119.0,114.0592,138.526,678.007,80.254,11.836750947999064,42116.0,19.875412930627654,369.24684725125195
New Mexico,NM,35,West,Mountain,2024,291954029.29,137.26094465914434,0.19849354304214778,19.492106917325373,2127.0,119.0445,147.0849,684.005,86.374,12.627685470135452,41631.0,19.572637517630465,349.70956239053464
New York,NY,36,Northeast,Middle Atlantic,2017,21903403.77,1.1178628034092069,0.0013480671057071799,16.902152651652457,19594.0,1624.8007,1624.8007,3559.863,283.969,7.976964282052427,165115.0,8.426814330917628,101.62169427918144
New York,NY,36,Northeast,Middle Atlantic,2018,24625763.19,1.2600165365329514,0.0014395427832301065,17.019303777637358,19544.0,1665.1868,1710.6656,3733.607,289.292,7.748324877256765,174168.0,8.911584117887843,104.59367081218755
New York,NY,36,Northeast,Middle Atlantic,2019,26127476.0,1.3424177156656218,0.0014617007751007306,17.078498077151874,19463.0,1704.3643,1787.4708999999998,3630.938,291.996,8.041888900333742,168234.0,8.643785644556338,98.70777039861724
New York,NY,36,Northeast,Middle Atlantic,2020,29729242.65,1.4774496893946922,0.0016678374542441008,17.207641754018304,20122.0,1667.2348,1782.5023999999999,3140.594,260.783,8.303620270560282,142643.0,7.08890766325415,85.55663545410641
New York,NY,36,Northeast,Middle Atlantic,2021,28050811.33,1.414207780690698,0.0014500110275189142,17.149528149584945,19835.0,1750.5511999999999,1934.524,3345.022,263.945,7.89068053961977,157660.0,7.94857574993698,90.06306128035558
New York,NY,36,Northeast,Middle Atlantic,2022,97845772.49,4.96351506569269,0.004724394965957779,18.398903057107514,19713.0,1781.5541,2071.0751999999998,3458.594,273.391,7.9046861238989035,166232.0,8.432607923705168,93.30729838627971
New York,NY,36,Northeast,Middle Atlantic,2023,172838695.0,8.734962096325871,0.007919120945280037,18.967869324449673,19787.0,1793.3845,2182.549,3429.313,276.165,8.053070687919126,164145.0,8.295598119977763,91.52805770318635
New York,NY,36,Northeast,Middle Atlantic,2024,1251904668.04,62.59210379681016,0.05391170476667007,20.947931963786,20001.0,1840.0593000000001,2322.1389,3396.261,279.783,8.237971109994197,163685.0,8.183840807959601,88.95637222126481
North Carolina,NC,37,South,South Atlantic,2017,4999603.78,0.4865320922537953,0.0009143217691114339,15.424869423274233,10276.0,546.8100999999999,546.8100999999999,2506.475,185.491,7.400472775511427,120602.0,11.736278707668353,220.55554570041778
North Carolina,NC,37,South,South Atlantic,2018,3935932.38,0.37878282937157154,0.000692900339467144,15.18565861119803,10391.0,556.5736999999999,568.0373000000001,2594.47,195.967,7.553257505386457,123708.0,11.905302665768453,222.2670600497293
North Carolina,NC,37,South,South Atlantic,2019,6511416.0,0.6200758023045424,0.0010990666547837993,15.689067655629703,10501.0,567.975,592.4496,2565.392,198.559,7.739908754685445,122250.0,11.641748404913818,215.23834675822
North Carolina,NC,37,South,South Atlantic,2020,7501291.0,0.7178268899521532,0.0012497425556901897,15.830585830337007,10450.0,564.2788,600.2269,2362.733,202.721,8.579936878183018,106175.0,10.160287081339712,188.16053341008026
North Carolina,NC,37,South,South Atlantic,2021,6959824.0,0.658699981071361,0.0010532346395235991,15.755664888316334,10566.0,599.2938,660.8046999999999,2519.017,196.966,7.819161204549236,115271.0,10.909615748627674,192.3447230723895
North Carolina,NC,37,South,South Atlantic,2022,20921870.0,1.954219129460116,0.0028669446842867516,16.856305629108302,10706.0,620.6665,729.7619,2581.43,202.447,7.842436169100073,116811.0,10.910797683541938,188.20252099960283
North Carolina,NC,37,South,South Atlantic,2023,54892950.24,5.049020441501104,0.006906180912336853,17.820895505522685,10872.0,643.0458000000001,794.838,2472.116,190.961,7.724597065833481,111142.0,10.222774098601914,172.83683370609057
North Carolina,NC,37,South,South Atlantic,2024,861129772.56,77.91619368078176,0.10200433453801132,20.57375577526189,11052.0,664.1315999999999,844.209,2570.343,190.94,7.428580543530572,119073.0,10.773887079261671,179.29127299468962
North Dakota,ND,38,Midwest,West North Central,2017,2742750.7,3.623184544253633,0.004851832648743505,14.824472244495423,757.0,56.530199999999994,56.530199999999994,595.433,84.388,14.172543342407963,56453.0,74.57463672391017,998.6343582722156
North Dakota,ND,38,Midwest,West North Central,2018,3103369.8,4.083381315789474,0.005139978236781826,14.947999433552004,760.0,58.516400000000004,60.3771,624.394,83.349,13.348782979977386,58808.0,77.37894736842105,1004.9832183798046
North Dakota,ND,38,Midwest,West North Central,2019,3158444.0,4.1340890052356025,0.005186917929137414,14.965590375840167,764.0,59.4085,60.8925,641.433,84.942,13.242536632820572,56804.0,74.35078534031413,956.1594721294091
North Dakota,ND,38,Midwest,West North Central,2020,3412338.0,4.374792307692307,0.00605868817181391,15.042908537875185,780.0,56.6028,56.321400000000004,619.378,89.718,14.485177064732682,55535.0,71.19871794871794,981.1352088589257
North Dakota,ND,38,Midwest,West North Central,2021,3332918.0,4.283956298200514,0.005141011877217338,15.019359054564324,778.0,57.3513,64.83,653.498,92.653,14.178008195893485,56219.0,72.26092544987146,980.2567683731668
North Dakota,ND,38,Midwest,West North Central,2022,31029253.25,39.78109391025641,0.04134361763361717,17.25044100294208,780.0,57.031099999999995,75.05210000000001,675.554,96.027,14.214555757200758,57458.0,73.66410256410256,1007.4853895506137
North Dakota,ND,38,Midwest,West North Central,2023,20850106.75,26.49314707750953,0.026765873301145986,16.852869674061438,787.0,62.1147,77.8981,705.37,92.19,13.069736450373561,54453.0,69.19059720457433,876.6523866331158
North Dakota,ND,38,Midwest,West North Central,2024,260257584.0,328.1936746532156,0.3250850742521388,19.377182410087478,793.0,63.3664,80.0583,719.487,93.24,12.959233453835859,55146.0,69.54098360655738,870.2719422280578
Ohio,OH,39,Midwest,East North Central,2017,14612136.97,1.2525404568832506,0.002240480992045999,16.49736310909199,11666.0,652.1875,652.1875,3556.786,144.526,4.063387563941154,204281.0,17.510800617178123,313.2243411595592
Ohio,OH,39,Midwest,East North Central,2018,16333967.22,1.3983363770225152,0.0024286978902819333,16.608757437263595,11681.0,656.212,672.5400999999999,3697.556,145.712,3.9407651973357534,208249.0,17.828011300402363,317.35018561074776
Ohio,OH,39,Midwest,East North Central,2019,15710535.0,1.3431251602975123,0.00223505537228694,16.56984212804571,11697.0,674.0639,702.9148,3570.278,145.507,4.075508965968477,195646.0,16.72616910318885,290.24844677188617
Ohio,OH,39,Midwest,East North Central,2020,19859048.12,1.683112816340368,0.0028659186712583213,16.80417033628098,11799.0,655.7301,692.9383,3346.09,139.731,4.175948644537355,184865.0,15.667853207898974,281.9223945949713
Ohio,OH,39,Midwest,East North Central,2021,18862006.0,1.6037756993452938,0.0024683275025406933,16.752660245202428,11761.0,691.63,764.1614000000001,3492.261,146.851,4.205040803078579,193554.0,16.457274041323018,279.8519439584749
Ohio,OH,39,Midwest,East North Central,2022,70697703.0,6.009154526136847,0.00851267972933856,18.073923655091946,11765.0,694.4734,830.4988000000001,3516.554,156.716,4.4565219245886745,196405.0,16.694007649808754,282.8114078955364
Ohio,OH,39,Midwest,East North Central,2023,114056697.0,9.6592731199187,0.01290296746301376,18.552206233598007,11808.0,707.9961999999999,883.9571,3390.08,154.778,4.565614970738154,184825.0,15.652523712737127,261.05366102247444
Ohio,OH,39,Midwest,East North Central,2024,1185507915.4,99.95008139279994,0.12842116524828395,20.89343714113618,11861.0,721.9973,923.1406,3431.919,162.546,4.736300594507038,186335.0,15.709889554000506,258.0826825806689
Oklahoma,OK,40,South,West South Central,2017,3122136.99,0.7936291281138791,0.0016215641902454885,14.95402857831202,3934.0,192.5386,192.5386,1514.869,142.535,9.409064414150663,92919.0,23.619471276054906,482.59933332848584
Oklahoma,OK,40,South,West South Central,2018,3560958.44,0.9031089119959421,0.001743910293108658,15.085540572136075,3943.0,196.0305,204.19389999999999,1582.766,156.838,9.909108484766541,98070.0,24.87192493025615,500.2792932732407
Oklahoma,OK,40,South,West South Central,2019,3701876.55,0.934581305225953,0.0017970911347829314,15.124350694853245,3961.0,200.0722,205.9927,1541.357,166.473,10.800418073165401,91242.0,23.03509214844736,456.0453676222883
Oklahoma,OK,40,South,West South Central,2020,4350606.0,1.0972524590163935,0.002263323657021569,15.28582593355992,3965.0,191.377,192.222,1444.172,166.862,11.554163908454116,83962.0,21.17578814627995,438.72565668810773
Oklahoma,OK,40,South,West South Central,2021,4098350.0,1.0263836714249936,0.0018702619968566946,15.226095255650433,3993.0,194.99120000000002,219.1324,1490.774,177.086,11.878795846989552,87622.0,21.943901828199348,449.36386872843485
Oklahoma,OK,40,South,West South Central,2022,35641171.8,8.854949515527949,0.014398059234512192,17.389012066871704,4025.0,194.1709,247.5415,1522.858,192.506,12.64109982677308,86977.0,21.609192546583852,447.9404483370062
Oklahoma,OK,40,South,West South Central,2023,62504816.2,15.383907506768399,0.024422316526343593,17.95075418693649,4063.0,207.0727,255.9332,1513.828,188.158,12.42928522923344,86631.0,21.32192960866355,418.3603150004805
Oklahoma,OK,40,South,West South Central,2024,44382237.59,10.83021903123475,0.016830892037811854,17.608349915611647,4098.0,210.3159,263.69509999999997,1535.488,196.162,12.775221948982995,88558.0,21.610053684724257,421.0713502878289
Oregon,OR,41,West,Pacific,2017,3365144.91,0.8114648926935134,0.0014920754518709999,15.028981881190738,4147.0,225.5345,225.5345,823.583,255.253,30.992990384697112,38281.0,9.231010368941403,169.73456389155538
Oregon,OR,41,West,Pacific,2018,3780125.04,0.9034715678776291,0.0015851780855120775,15.145267910955218,4184.0,234.30829999999997,238.46689999999998,820.264,252.838,30.82397862151697,39051.0,9.333413001912046,166.6650306455213
Oregon,OR,41,West,Pacific,2019,3964478.0,0.9403410815939279,0.0015935562810462825,15.19288500466959,4216.0,239.79479999999998,248.78179999999998,851.039,236.857,27.831509484289203,41245.0,9.782969639468691,172.00122771636418
Oregon,OR,41,West,Pacific,2020,4445655.0,1.047515315739868,0.0017735755040879976,15.307437997593363,4244.0,236.6514,250.66060000000002,783.051,235.148,30.029717093778054,36813.0,8.674128180961358,155.5579219053849
Oregon,OR,41,West,Pacific,2021,4264106.0,1.0021400705052879,0.0015429104052318704,15.265743338321604,4255.0,250.91989999999998,276.3677,832.054,225.51,27.102808231196533,38059.0,8.944535840188014,151.67788605048864
Oregon,OR,41,West,Pacific,2022,9259646.0,2.1807927461139895,0.003116841246743769,16.041176484945417,4246.0,254.2375,297.0843,848.954,242.676,28.585294374017913,37397.0,8.807583608101742,147.09474408771325
Oregon,OR,41,West,Pacific,2023,32345485.78,7.610702536470589,0.010271832128169707,17.291985056968247,4250.0,258.0234,314.895,880.57,240.941,27.36193601871515,38942.0,9.162823529411765,150.92429601346237
Oregon,OR,41,West,Pacific,2024,461666769.05,108.24543236811255,0.13979307471822114,19.950353911852595,4265.0,263.34770000000003,330.2501,893.648,254.707,28.501938123287918,38938.0,9.12966002344666,147.8577561148246
Pennsylvania,PA,42,Northeast,Middle Atlantic,2017,16100502.23,1.258343277061352,0.002134444919781843,16.594361085987956,12795.0,754.318,754.318,3738.826,197.812,5.29075169585319,214616.0,16.773427119968737,284.51660970572095
Pennsylvania,PA,42,Northeast,Middle Atlantic,2018,12425295.96,0.9700441845577329,0.0015917200197227668,16.33524502986257,12809.0,763.8554,780.6206999999999,3899.981,203.909,5.228461369427184,219535.0,17.139120930595674,287.40387251304367
Pennsylvania,PA,42,Northeast,Middle Atlantic,2019,18737932.0,1.4640153136963825,0.0023357216250488796,16.746060529865147,12799.0,771.8525,802.2330999999999,3793.398,193.105,5.0905546952890255,218446.0,17.067427142745526,283.0152133989331
Pennsylvania,PA,42,Northeast,Middle Atlantic,2020,21295024.0,1.638582948599569,0.002736104408444486,16.873984035323264,12996.0,738.1761,778.2972,3388.304,177.566,5.240556927595635,192928.0,14.845183133271776,261.35768958111754
Pennsylvania,PA,42,Northeast,Middle Atlantic,2021,20207157.0,1.5523666743489284,0.0023917319178979623,16.821547456037663,13017.0,766.14,844.8755,3615.328,179.571,4.966935226900574,214124.0,16.449565952216332,279.48416738455114
Pennsylvania,PA,42,Northeast,Middle Atlantic,2022,74146116.0,5.7101360030804775,0.008086946591836043,18.12154825835302,12985.0,776.8247,916.8616999999999,3743.995,187.119,4.997843212931642,213860.0,16.469772814786293,275.30020608253056
Pennsylvania,PA,42,Northeast,Middle Atlantic,2023,111822535.51,8.59578257437159,0.011570513709019872,18.532423677172428,13009.0,789.9185,966.444,3606.065,182.924,5.072676171949202,200508.0,15.41302175417019,253.8337815863282
Pennsylvania,PA,42,Northeast,Middle Atlantic,2024,910803810.0,69.81479457304921,0.09036882590173234,20.629838076378746,13046.0,803.2325,1007.8739,3612.264,181.251,5.017656516799437,201570.0,15.450712862179978,250.94851117204547
Rhode Island,RI,44,Northeast,New England,2017,1236112.53,1.16945367076632,0.0021032480483771073,14.027482765532376,1057.0,58.7716,58.7716,180.781,9.57,5.2936978996686594,9817.0,9.287606433301798,167.0364597866997
Rhode Island,RI,44,Northeast,New England,2018,47241.09999999996,0.044609159584513655,7.865009348221667e-05,10.763040723175921,1059.0,58.7401,60.0649,193.939,10.167,5.242370023564111,10887.0,10.280453257790368,185.34187037475252
Rhode Island,RI,44,Northeast,New England,2019,3511580.0,3.3190737240075614,0.005590379322037677,15.071576921380528,1058.0,60.157599999999995,62.814699999999995,187.844,11.079,5.897979174208387,10212.0,9.652173913043478,169.75411253108504
Rhode Island,RI,44,Northeast,New England,2020,1973017.0,1.8001979927007299,0.0031832661352126216,14.495074908125833,1096.0,58.1323,61.9809,172.619,11.882,6.883367416101356,9698.0,8.848540145985401,166.8263598722225
Rhode Island,RI,44,Northeast,New England,2021,1886086.0,1.7193126709206927,0.0028125350432448553,14.45001487048595,1097.0,60.66,67.06,183.46,11.797,6.430284530687888,10616.0,9.677301731996353,175.008242664029
Rhode Island,RI,44,Northeast,New England,2022,4442241.0,4.045756830601093,0.006171647804474133,15.306669761916512,1098.0,61.517300000000006,71.9782,188.301,13.293,7.059442063504708,10128.0,9.224043715846994,164.63661441578222
Rhode Island,RI,44,Northeast,New England,2023,16914140.0,15.36252497729337,0.022164020782692445,16.643660575579023,1101.0,62.1193,76.3135,183.971,13.628,7.40768925537177,11161.0,10.137148047229791,179.67040839159486
Rhode Island,RI,44,Northeast,New England,2024,79345237.0,71.48219549549549,0.0987113102458165,18.18931899053347,1110.0,63.4591,80.3811,187.859,13.739,7.313463821270208,11045.0,9.95045045045045,174.04911194769545
South Carolina,SC,45,South,South Atlantic,2017,1592599.52,0.31680913467276706,0.000708018365982388,14.280878785315538,5027.0,224.9376,224.9376,1637.359,142.086,8.677754847898354,69613.0,13.847821762482594,309.4769393822998
South Carolina,SC,45,South,South Atlantic,2018,2679258.0,0.5261700706991359,0.0011325831696339687,14.801050821718617,5092.0,231.6633,236.5617,1656.847,145.716,8.794777067526454,73839.0,14.500981932443048,318.7341283664698
South Carolina,SC,45,South,South Atlantic,2019,2896337.0,0.56152326483133,0.0011605044080813956,14.878957738384528,5158.0,239.0213,249.5757,1621.809,145.436,8.967517136728185,69217.0,13.41934858472276,289.58507045188026
South Carolina,SC,45,South,South Atlantic,2020,3834832.14,0.7472393102104443,0.0015403858403624463,15.15963648205856,5132.0,233.2944,248.95270000000002,1507.583,143.994,9.551314919311242,63285.0,12.331449727201871,271.26669135650064
South Carolina,SC,45,South,South Atlantic,2021,3280109.0,0.6315188679245283,0.0012038647913914782,15.003387516383354,5194.0,245.812,272.4649,1604.553,143.795,8.961685902553544,69111.0,13.305929919137466,281.15388996468846
South Carolina,SC,45,South,South Atlantic,2022,9824864.0,1.8576033276611836,0.0032205277477300293,16.10042697516718,5289.0,256.6085,305.07,1636.096,151.773,9.276533895321545,67586.0,12.778597088296465,263.38176638731767
South Carolina,SC,45,South,South Atlantic,2023,33106439.0,6.141057132257466,0.009943462138696032,17.315238383356107,5391.0,266.0378,332.9468,1613.309,148.93,9.231337580091601,69107.0,12.818957521795586,259.76383807113126
South Carolina,SC,45,South,South Atlantic,2024,144161662.7,26.258954954462656,0.0403730042534553,18.786445892406988,5490.0,278.0328,357.0744,1645.081,147.484,8.965151260029144,70812.0,12.898360655737704,254.68937477880306
South Dakota,SD,46,Midwest,West North Central,2017,2161236.0,2.4728100686498857,0.004187216531596374,14.586191300923954,874.0,51.6151,51.6151,344.608,100.635,29.202746308849477,14575.0,16.676201372997713,282.378606260571
South Dakota,SD,46,Midwest,West North Central,2018,2440385.0,2.7763196814562003,0.0045743352796183655,14.707666781478915,879.0,51.9378,53.3495,354.09,106.322,30.026829337174167,15451.0,17.57792946530148,297.4904597422301
South Dakota,SD,46,Midwest,West North Central,2019,2495461.0,2.8133720405862457,0.004522745478996227,14.729984440366525,887.0,52.5102,55.1758,351.244,110.493,31.457619204883216,15950.0,17.981961668545658,303.75050942483557
South Dakota,SD,46,Midwest,West North Central,2020,2732047.0,3.0766295045045045,0.004805939771985652,14.820562069064595,888.0,53.349199999999996,56.847300000000004,339.057,109.622,32.33143689704091,14902.0,16.78153153153153,279.32939950364766
South Dakota,SD,46,Midwest,West North Central,2021,2652441.0,2.9603136160714287,0.0041877760007073194,14.79099128306721,896.0,56.0154,63.3377,348.459,127.382,36.55580713943391,15113.0,16.8671875,269.80080477868586
South Dakota,SD,46,Midwest,West North Central,2022,5160865.0,5.677519251925193,0.007433662798737066,15.456614952833322,909.0,55.2572,69.4256,354.014,130.072,36.74204974944494,15458.0,17.005500550055004,279.7463497969496
South Dakota,SD,46,Midwest,West North Central,2023,11694524.0,12.739132897603486,0.015706033403707822,16.274631341527865,918.0,57.253,74.4588,349.547,126.621,36.22431318249048,15195.0,16.552287581699346,265.40093968874993
South Dakota,SD,46,Midwest,West North Central,2024,77886847.84,84.0203320819849,0.10142071290357026,18.170767675536467,927.0,57.718,76.7958,346.813,141.125,40.69195791391903,15113.0,16.303128371089535,261.8420596694272
Tennessee,TN,47,South,East South Central,2017,5029695.0,0.74902382725242,0.0014151511954250985,15.430870102873765,6715.0,355.4175,355.4175,2068.889,132.019,6.381154329690959,96988.0,14.443484735666418,272.8847060147573
Tennessee,TN,47,South,East South Central,2018,1628529.7,0.2402669961640602,0.00044048459724997646,14.303188755224756,6778.0,362.3637,369.71320000000003,2144.103,139.464,6.5045382614547895,93456.0,13.78813809383299,257.90662806456606
Tennessee,TN,47,South,East South Central,2019,5996981.14,0.8780353060029282,0.0015542945108375904,15.606766923990467,6830.0,370.1974,385.833,2094.297,134.222,6.408928628556504,92014.0,13.47203513909224,248.55387963286614
Tennessee,TN,47,South,East South Central,2020,6963075.04,1.0050627944572748,0.0017781608146917453,15.756131894445264,6928.0,368.057,391.5886,1941.206,136.076,7.009869122596983,83043.0,11.986576212471132,225.62537867775913
Tennessee,TN,47,South,East South Central,2021,6565632.98,0.9423902655375341,0.0014806813905651913,15.69735963074422,6967.0,401.6737,443.41970000000003,2101.684,135.84,6.463388406630112,92325.0,13.251758289077078,229.8507470118158
Tennessee,TN,47,South,East South Central,2022,16811382.0,2.3802041625371655,0.003426789132202851,16.637566774457476,7063.0,415.4516,490.587,2109.856,119.352,5.656878952876405,91480.0,12.952003397989523,220.19412128873736
Tennessee,TN,47,South,East South Central,2023,48377166.0,6.763199496714665,0.009106344922924713,17.69453850417655,7153.0,428.2761,531.2468,2057.422,118.491,5.759197675537639,88399.0,12.3583111980987,206.40656809941063
Tennessee,TN,47,South,East South Central,2024,291036140.46,40.13737973520893,0.05185950073877247,19.488958014880946,7251.0,440.2002,561.2012,2092.383,123.56,5.905228631660648,90460.0,12.475520617845815,205.49740777037357
Texas,TX,48,South,West South Central,2017,6840702.23,0.24179782368951258,0.00041028302604250073,15.738401095717512,28291.0,1667.313,1667.313,12740.6,500.54,3.928700375178563,662035.0,23.400904881411048,397.06701741064813
Texas,TX,48,South,West South Central,2018,9190604.0,0.32106913537117904,0.0005083223042754508,16.033692324591563,28625.0,1746.5433,1808.0268999999998,13540.565,538.21,3.9747972111946583,681981.0,23.824663755458516,390.474716544388
Texas,TX,48,South,West South Central,2019,9957282.0,0.343508538310277,0.0005339390799037554,16.113814801181846,28987.0,1806.7361,1864.8723,13723.614,562.206,4.0966322719365325,682830.0,23.556421844275018,377.9356597789793
Texas,TX,48,South,West South Central,2020,12601336.67,0.4309917460154593,0.0006959487525668672,16.349313530572392,29238.0,1782.7382,1810.6702,12982.203,590.843,4.551176714768672,626644.0,21.43251932416718,351.5064634840943
Texas,TX,48,South,West South Central,2021,11658220.0,0.3942183748689683,0.0005506917598124188,16.27152215434739,29573.0,1905.5123999999998,2117.0137,13721.691,654.185,4.767524644010712,664004.0,22.453048388732967,348.46480138360687
Texas,TX,48,South,West South Central,2022,63244602.0,2.0998938176505746,0.0025533739873241715,17.962520353868015,30118.0,1975.164,2476.9032,13835.706,756.037,5.464390469123874,667641.0,22.167507802642938,338.0180076186079
Texas,TX,48,South,West South Central,2023,126472232.0,4.1170686545786,0.004795632824285532,18.65553334006148,30719.0,2137.5367,2637.2376,14149.656,796.456,5.628801152480315,672456.0,21.890556333213972,314.59389679718714
Texas,TX,48,South,West South Central,2024,1521556870.55,48.58254958810945,0.054934487631122075,21.142999905209376,31319.0,2221.9433,2769.7662,14536.89,844.256,5.8076796343647095,679932.0,21.70988856604617,306.00780857009266
Utah,UT,49,West,Mountain,2017,2486883.0,0.8011865335051547,0.00144523202092111,14.72654107915653,3104.0,172.075,172.075,801.222,34.373,4.290071915149609,58987.0,19.00354381443299,342.7981984599739
Utah,UT,49,West,Mountain,2018,2823115.0,0.8948066561014263,0.0015112574188046724,14.853351797429315,3155.0,182.106,186.8057,821.393,34.023,4.142109806146388,61197.0,19.396830427892233,336.05153042733355
Utah,UT,49,West,Mountain,2019,3443881.64,1.0752050078051827,0.001710716807029082,15.052110067294084,3203.0,192.7606,201.31220000000002,833.627,34.539,4.143219929296916,61453.0,19.186075554167967,318.8047764947816
Utah,UT,49,West,Mountain,2020,3296586.0,1.0038325213154689,0.0015984183513907309,15.008398248814721,3284.0,195.3232,206.2405,804.018,34.212,4.255128616523511,57309.0,17.450974421437273,293.4060060453648
Utah,UT,49,West,Mountain,2021,3162261.97,0.9467850209580839,0.0013553273495859137,14.966798459011377,3340.0,211.2895,233.3209,822.993,36.049,4.380231666611987,62111.0,18.596107784431137,293.9616024459332
Utah,UT,49,West,Mountain,2022,6786982.0,1.9997000589275191,0.002594922930164004,15.730517070894193,3394.0,217.84879999999998,261.5485,851.481,37.45,4.398219102951211,60220.0,17.743076016499707,276.4302580505378
Utah,UT,49,West,Mountain,2023,20775564.0,6.023648593795303,0.007335206481780936,16.849288094485196,3449.0,226.3221,283.2308,847.097,39.788,4.696982754041154,54476.0,15.79472310814729,240.70119533178598
Utah,UT,49,West,Mountain,2024,317620241.0,90.67092235226949,0.10606032731684137,19.57636701956324,3503.0,234.3006,299.4713,856.628,44.178,5.1571977567859095,55034.0,15.710533828147302,234.88629563902097
Vermont,VT,50,Northeast,New England,2017,1588229.97,2.541167952,0.00487348560259227,14.278131357316088,625.0,32.5892,32.5892,129.119,30.206,23.39392343497084,5803.0,9.2848,178.0651258699201
Vermont,VT,50,Northeast,New England,2018,1737962.8,2.78074048,0.005190644693064458,14.368224756052008,625.0,32.8278,33.4826,133.257,33.556,25.181416360866592,5832.0,9.3312,177.6543051925502
Vermont,VT,50,Northeast,New England,2019,1844179.0,2.955415064102564,0.005305417387076636,14.427545292217614,624.0,33.339400000000005,34.7603,132.786,32.74,24.656213757474436,6005.0,9.623397435897436,180.11721866620272
Vermont,VT,50,Northeast,New England,2020,2077610.0,3.2311197511664074,0.006009464224248892,14.546729233887318,643.0,32.4087,34.572300000000006,112.651,20.605,18.291004962228477,5404.0,8.404354587869362,166.74534924264162
Vermont,VT,50,Northeast,New England,2021,1992378.0,3.0794095826893355,0.005342813777124652,14.50483996007352,647.0,33.584300000000006,37.290800000000004,115.539,21.428,18.546118626610927,5549.0,8.576506955177743,165.22601334552155
Vermont,VT,50,Northeast,New England,2022,4355427.97,6.721339459876543,0.01056855410665062,15.28693366399193,648.0,34.9159,41.2112,116.256,22.069,18.983106248279658,5513.0,8.507716049382717,157.89368167511077
Vermont,VT,50,Northeast,New England,2023,13699795.49,21.141659706790122,0.03118437637145017,16.432891535943494,648.0,35.4994,43.931599999999996,112.979,22.26,19.702776622204127,5420.0,8.364197530864198,152.6786368220308
Vermont,VT,50,Northeast,New England,2024,99544815.0,153.85597372488408,0.2151106402657095,18.41611851278406,647.0,36.398900000000005,46.2761,114.172,21.46,18.796202221210105,5355.0,8.276661514683154,147.11983054432963
Virginia,VA,51,South,South Atlantic,2017,4786788.15,0.565079465234329,0.000929171762099761,15.381370421028976,8471.0,515.1672,515.1672,2362.642,159.211,6.738684912906823,105087.0,12.405501121473261,203.9862009848453
Virginia,VA,51,South,South Atlantic,2018,5516240.0,0.648130654447186,0.0010269300502291408,15.523207208021395,8511.0,527.7675,537.1583,2454.026,171.314,6.980936632293219,109582.0,12.87533779814358,207.63309601292235
Virginia,VA,51,South,South Atlantic,2019,5840807.0,0.6825764870865958,0.0010398412467255756,15.580379701398462,8557.0,541.028,561.7018,2422.113,158.027,6.524344652788701,106407.0,12.435082388687624,196.67558795478237
Virginia,VA,51,South,South Atlantic,2020,6813802.0,0.7889084172745167,0.001203636097060333,15.734460965719663,8637.0,535.2244000000001,566.1015,2239.403,163.051,7.281003017322027,97810.0,11.324533981706612,182.74577915356622
Virginia,VA,51,South,South Atlantic,2021,6424448.0,0.74185311778291,0.0010426118396677376,15.675621426313201,8660.0,565.7906999999999,616.1879,2388.472,174.602,7.310196644549317,98135.0,11.331986143187066,173.44753103930483
Virginia,VA,51,South,South Atlantic,2022,16540021.25,1.9053128959797259,0.0024848869415452883,16.621293592782614,8681.0,579.3018000000001,665.6247,2453.014,189.319,7.717811639069323,96374.0,11.101716392120723,166.3623347968192
Virginia,VA,51,South,South Atlantic,2023,45889407.31,5.2553146255153464,0.006349125224795695,17.641744892629145,8732.0,599.261,722.7674000000001,2447.496,187.921,7.6780922216011795,95217.0,10.904374713696747,158.8907003793005
Virginia,VA,51,South,South Atlantic,2024,706569320.24,80.10990025396825,0.09275803702553305,20.37593187451115,8820.0,613.7086999999999,761.7338000000001,2471.179,192.177,7.776733292084466,99238.0,11.251473922902495,161.7021234993084
Washington,WA,53,West,Pacific,2017,5261814.68,0.7083756973613354,0.0009981259686165395,15.47598671146259,7428.0,527.1694,527.1694,1635.888,449.455,27.47468041821934,78900.0,10.621970920840065,149.66726065663144
Washington,WA,53,West,Pacific,2018,5984596.0,0.7950838315397901,0.001049307270182688,15.60469955970293,7527.0,561.7856999999999,570.3378,1627.512,448.489,27.55672462015641,78413.0,10.417563438288827,139.5781345092978
Washington,WA,53,West,Pacific,2019,6240448.0,0.8196017861833464,0.0010253044722081928,15.646562692885169,7614.0,588.7944,608.6434,1702.54,396.217,23.272111081090603,84033.0,11.036643026004729,142.7204470694694
Washington,WA,53,West,Pacific,2020,6973556.35,0.9024920861912773,0.0011288837552941037,15.757636032737892,7727.0,587.1678,617.7391,1419.802,406.248,28.61300378503482,68293.0,8.838229584573574,116.30917090480779
Washington,WA,53,West,Pacific,2021,5648547.0,0.7294094783057852,0.0008265759101624749,15.546909078944298,7744.0,626.1221999999999,683.367,1525.776,394.049,25.826136995207683,73571.0,9.500387396694215,117.50262169269834
Washington,WA,53,West,Pacific,2022,13204548.0,1.6957169641710543,0.0017819835498597302,16.39607194940047,7787.0,643.0176,741.0028000000001,1571.958,423.991,26.972158289216374,74963.0,9.626685501476821,116.58001273993122
Washington,WA,53,West,Pacific,2023,42378436.2,5.40610233448144,0.005287684244477704,17.562150234239645,7839.0,670.9778,801.4555,1598.228,371.479,23.243179321098115,75675.0,9.653654802908534,112.78316510620769
Washington,WA,53,West,Pacific,2024,606042838.54,76.44334492179615,0.07079827219333898,20.222461233845237,7928.0,702.2323,856.0136,1606.278,383.862,23.897606765454054,73808.0,9.30978809283552,105.10482072670254
West Virginia,WV,54,South,South Atlantic,2017,3585253.0,1.9710021990104454,0.004769374131995253,15.092339880273146,1819.0,75.1724,75.1724,742.118,30.601,4.1234682355097165,90675.0,49.84881803188565,1206.227285546291
West Virginia,WV,54,South,South Atlantic,2018,4028079.0,2.230387043189369,0.005048078622157222,15.208800393596551,1806.0,77.4065,79.7943,818.41,33.833,4.1339915201427155,88967.0,49.26190476190476,1149.3479229780446
West Virginia,WV,54,South,South Atlantic,2019,4420666.0,2.462766573816156,0.00550913980638665,15.301801147646247,1795.0,77.1622,80.24239999999999,817.772,31.899,3.9007204942208826,85384.0,47.56768802228412,1106.5521719183746
West Virginia,WV,54,South,South Atlantic,2020,4553952.0,2.541267857142857,0.005873300961482657,15.331506204955287,1792.0,74.7296,77.5365,786.371,26.008,3.307344752031802,76822.0,42.869419642857146,1027.9996146105425
West Virginia,WV,54,South,South Atlantic,2021,4395528.0,2.461101903695409,0.005041968919049126,15.2960984459083,1786.0,76.2308,87.17880000000001,835.906,26.426,3.161360248640397,88305.0,49.442889137737964,1158.3900470675894
West Virginia,WV,54,South,South Atlantic,2022,34142748.0,19.246193912063134,0.03454900980631243,17.346060793471437,1774.0,77.54910000000001,98.8241,830.068,28.74,3.462366938612258,79189.0,44.63866967305524,1021.1466026040275
West Virginia,WV,54,South,South Atlantic,2023,26445720.0,14.941084745762712,0.026060057213300368,17.090604926243664,1770.0,80.36489999999999,101.4799,833.616,28.727,3.4460710926853615,74743.0,42.22768361581921,930.0453307351843
West Virginia,WV,54,South,South Atlantic,2024,246604741.0,139.5612569326542,0.2316078979968086,19.323297378031125,1767.0,82.7165,106.47510000000001,835.433,27.347,3.273392360608212,72278.0,40.90435766836446,873.8038964414598
Wisconsin,WI,55,Midwest,East North Central,2017,9491831.6,1.6385001898843432,0.0029488104513760737,16.06594226047836,5793.0,321.8868,321.8868,1782.766,173.139,9.711818600982967,98328.0,16.973588814085964,305.47384981303986
Wisconsin,WI,55,Midwest,East North Central,2018,10603752.83,1.8254007281804097,0.0031639364983978547,16.17671863129699,5809.0,328.8324,335.1443,1862.142,179.416,9.634925800502861,100879.0,17.365983818213117,306.7793806206444
Wisconsin,WI,55,Midwest,East North Central,2019,11385073.0,1.9545189699570815,0.0032818842305104606,16.247813757239268,5825.0,333.2568,346.90659999999997,1812.971,177.141,9.770757502464186,94685.0,16.254935622317596,284.1202340057277
Wisconsin,WI,55,Midwest,East North Central,2020,13200790.0,2.2385602848906223,0.003829746062415323,16.395787310003637,5897.0,324.0144,344.691,1660.363,146.557,8.826804740890996,86840.0,14.726131931490588,268.0127796789278
Wisconsin,WI,55,Midwest,East North Central,2021,11855279.0,2.015518361101666,0.0032128362456852666,16.288283895929002,5882.0,334.8486,368.9973,1721.496,145.93,8.4769293684098,92471.0,15.721013260795647,276.157642588322
Wisconsin,WI,55,Midwest,East North Central,2022,26619183.25,4.509433042520752,0.006595922259393222,17.097142726209253,5903.0,341.8752,403.5703,1770.418,158.579,8.95715023231802,90900.0,15.398949686600034,265.88649893294394
Wisconsin,WI,55,Midwest,East North Central,2023,66776513.09,11.26079478752108,0.015460607563220355,18.01686199120717,5930.0,347.1082,431.9139,1692.421,158.529,9.36699556434244,87747.0,14.797133220910624,252.79437362758932
Wisconsin,WI,55,Midwest,East North Central,2024,310704806.36,52.15793291253987,0.06854307654159975,19.554353846918183,5957.0,354.3821,453.29859999999996,1644.143,166.998,10.15714569839728,85124.0,14.289743159308376,240.20400578923147
Wyoming,WY,56,West,Mountain,2017,1297503.09,2.2370742931034484,0.003448944027559589,14.075953046233012,580.0,37.6203,37.6203,522.832,27.704,5.298834042292745,62770.0,108.22413793103448,1668.5140735188183
Wyoming,WY,56,West,Mountain,2018,1623701.0,2.8043195164075994,0.004098754244026809,14.300219285329081,579.0,37.977199999999996,39.6145,546.559,26.135,4.781734451358409,63811.0,110.20898100172711,1680.2449890987225
Wyoming,WY,56,West,Mountain,2019,1555019.0,2.6810672413793104,0.0038846825466218662,14.256998965249094,580.0,38.5771,40.0295,534.437,27.656,5.174791416013487,59090.0,101.87931034482759,1531.7377407840402
Wyoming,WY,56,West,Mountain,2020,1844597.83,3.1913457266435987,0.004987731642092114,14.427772375499698,578.0,36.4635,36.982699999999994,483.972,28.935,5.978651657533907,55584.0,96.16608996539793,1524.3736887572502
Wyoming,WY,56,West,Mountain,2021,1666115.0,2.8726120689655175,0.003928534375840003,14.32600572713616,580.0,37.1826,42.410599999999995,481.378,37.734,7.838746265928231,54557.0,94.06379310344828,1467.2723263031633
Wyoming,WY,56,West,Mountain,2022,27818777.0,47.79858591065292,0.05611973476106709,17.141221818261183,582.0,37.690599999999996,49.5704,494.391,42.118,8.519168026926057,56368.0,96.85223367697594,1495.5453083792777
Wyoming,WY,56,West,Mountain,2023,7988811.0,13.65608717948718,0.01555753737577921,15.893552620830297,585.0,39.843199999999996,51.3501,500.326,38.541,7.703177528251579,54443.0,93.06495726495727,1366.4314111316362
Wyoming,WY,56,West,Mountain,2024,40610067.9,69.18239846678024,0.07885741007920681,17.519526596287488,587.0,39.780699999999996,51.4981,507.065,40.827,8.051630461577904,50004.0,85.18568994889267,1256.991455655632