state,abbr,census_region,cumulative_grants_usd,average_population_thousand,average_grants_pc,cumulative_grants_pc,renew_share_change_pp,renew_energy_growth_pct,co2i_change_pct,base_renew_share,base_co2_intensity,base_energy_pc,baseline_exposure_index,exposure_z,residual_exposure_2024,transition_progress_index,finance_need_group,finance_progress_group,renew_share_conversion_slope,exposure_rank,finance_rank,progress_rank
Alabama,AL,South,165126656.57,5014.875,4.02946068534154,32.92737238116603,0.04512456634963158,2.4012620118697647,-20.179856549905306,12.307849629083933,499.35484764479,382.9044690446905,36.52748561896377,0.2029220481037372,38.23216613882868,42.97162976447972,High need / low finance,Low finance / weaker progress,0.08846379102712648,14,48,35
Alaska,AK,West,477793504.98,735.75,81.07195508029828,649.3965409174313,-0.9246399115729316,-28.626204989852553,22.081275858238136,2.222707283190437,630.7643755753871,797.5587044534414,69.7187266947676,2.052686197305794,97.07515768419698,0.0,High need / high finance,High finance / weaker progress,-0.043361584568469766,3,1,50
Arizona,AZ,West,592564147.37,7292.875,9.835308368310317,81.25247551480041,1.7897697090294438,32.70927992196473,-38.97703371952037,6.019677209765929,271.552901689888,208.11194665153235,28.4251129728814,-0.24862715459011228,27.008880390915465,71.66051555310727,Low need / low finance,Low finance / stronger progress,0.12064391694787516,30,34,7
Arkansas,AR,South,285299450.64,3036.375,11.553475543747878,93.960545268618,-0.5064129196013738,-3.6631258524936428,-26.272665133256456,9.954617962620691,515.4154013557998,347.25166444740347,37.67276637771984,0.2667491066786055,39.84808738426716,43.44918748431104,High need / low finance,Low finance / weaker progress,0.08391508898128797,12,27,34
California,CA,West,3855776307.27,39320.75,12.24634817595631,98.05958195787211,6.973634549962423,48.16289213640373,-29.6893852046332,10.14376839222226,128.581839931929,181.67428440693476,19.099794928924577,-0.7683317043001635,11.213001518320555,84.87731751892944,Low need / high finance,High finance / stronger progress,0.1576812049144634,43,24,2
Colorado,CO,West,1055501756.3,5803.375,22.09402952813387,181.87722769939904,3.0218879046108214,35.28250518459002,-35.38739605658208,6.303963724940818,252.55483081393376,249.08100409471248,29.534149544569967,-0.1868200023423777,25.807139272374737,73.45061935059046,Low need / high finance,High finance / stronger progress,0.11623916563778702,27,7,6
Connecticut,CT,Northeast,979201269.07,3604.75,33.34741393825068,271.64193607601084,0.9350016338049603,12.031724194004711,5.890239430341637,6.162193813362353,122.2053410477988,202.54797202797204,23.916432762018236,-0.49989811475771057,25.00222596038862,31.000726383763606,Low need / high finance,High finance / weaker progress,0.1385510045701802,41,3,43
Delaware,DE,South,153110453.0,1000.5,18.30254811803746,153.033936031984,0.32540671379396446,7.138578057718115,-37.944096167711905,2.5768065535759206,197.30977807681907,286.31837160751564,33.51720094642437,0.03515740641894353,32.69140059458351,57.650192105526195,High need / high finance,High finance / stronger progress,0.10041971357611669,18,10,16
Florida,FL,South,597001804.63,21970.125,3.232211328318926,27.173345833489794,0.08155564265014092,1.937214292806555,-31.543501133313523,6.950419920095391,234.01886493687005,206.13796062354007,26.36266045046003,-0.36356864553024915,26.432814892724572,50.69746756254933,Low need / low finance,Low finance / stronger progress,0.12883534244460004,37,49,23
Georgia,GA,South,584909801.45,10786.0,6.553485135733141,54.228611297051735,0.7487363413725987,10.405161348476977,-27.828105555711335,9.320116665816688,242.08143594485617,276.70356148603247,27.49806784651734,-0.30029183430258055,27.04585805938871,53.042506760460654,Low need / low finance,Low finance / stronger progress,0.12432585435111669,32,42,21
Hawaii,HI,West,174342170.89000002,1433.875,15.186495656579607,121.58812371371285,1.3606032394653589,10.695998911356108,-16.54313555986704,6.465928386359178,230.57902658389412,207.32258064516128,26.8121064212736,-0.3385208010728655,26.593010914379335,47.04923321360524,Low need / high finance,High finance / weaker progress,0.12705028162758775,35,17,26
Idaho,ID,West,146177202.0,1866.125,9.252917465234972,78.33194560921696,-4.159833165151454,-18.015514879750683,-18.835034829453345,20.1424853888486,255.8987373706213,272.56976744186045,16.771735504602972,-0.8980755981933445,20.52902977375787,23.2710118840857,Low need / low finance,Low finance / weaker progress,0.16692753913014266,44,36,46
Illinois,IL,Midwest,1204905582.26,12702.0,11.867707282293996,94.85951678948197,2.084493697823225,21.267072095636852,-29.275356646660455,5.495001577020205,244.4073605700489,299.68763693270733,32.494900986309915,-0.021815871911674323,30.169875468657075,61.60367556470923,High need / low finance,Low finance / stronger progress,0.10447997380879878,21,26,12
Indiana,IN,Midwest,934001708.1800001,6794.0,16.871364154467678,137.47449340300267,1.6719885251792057,22.028662032470248,-28.187288159418422,5.747283269684514,490.01806252688544,394.9420594416091,43.449622068428205,0.588696108521092,42.2671211714761,60.02756636185377,High need / high finance,High finance / stronger progress,0.0609711993734859,8,14,13
Iowa,IA,Midwest,109616163.79,3186.375,4.275888232074356,34.40152643364325,7.869351538088566,25.079557071577074,-22.216454333257563,23.62086635527996,394.5971943887776,461.49141221374043,25.919889112670173,-0.38824450941456073,15.520600587013892,73.70060040762544,Low need / low finance,Low finance / stronger progress,0.1305938936772523,38,47,5
Kansas,KS,Midwest,117616670.53,2933.375,4.990473150376562,40.09602268035965,4.523652567458848,30.87921521883148,-15.249258071269889,11.326756777318488,353.3333012576861,338.6551013397458,31.432273159863296,-0.08103664201835087,27.912403108916372,62.05389235765004,High need / low finance,Low finance / stronger progress,0.10870040389213712,24,45,11
Kentucky,KY,South,283518533.5,4507.875,7.769529520556344,62.89405396112359,-0.22901734828460896,-3.6592969604767767,-20.659430634932985,4.777147121133483,568.8972509874045,364.50471274685816,45.17086726566105,0.6846219478277931,48.90204270555058,40.34407458165606,High need / low finance,Low finance / weaker progress,0.05413494416690531,7,37,36
Louisiana,LA,South,682322564.48,4636.5,18.48572339534266,147.16328361479566,-0.08552645812244819,-0.3580699207216931,-10.08248848246529,3.693927990457345,804.1797818210929,894.4816003423192,77.53831013076298,2.488475418581491,87.01513793654159,34.68081942522867,High need / high finance,High finance / weaker progress,-0.07441855894002024,2,11,41
Maine,ME,Northeast,198461074.20999998,1371.0,17.70943781647895,144.75643633114512,-5.696115203416621,-24.667154262740176,-16.440329027567024,34.10371913623694,242.4421354717257,265.86077844311376,2.010261172005225,-1.7207398049171778,5.48328686636569,15.063098767867883,Low need / high finance,High finance / weaker progress,0.22555556372841612,49,13,48
Maryland,MD,South,146006490.25,6139.0,2.939101675192681,23.78343219579736,-0.17917427999358715,-11.61839688247337,-19.635923665548027,4.676025909606079,137.0253018091663,215.3113802256138,26.419755879959215,-0.36038668923251144,27.300312061187018,36.86020736561844,Low need / low finance,Low finance / weaker progress,0.12860857700303877,36,50,40
Massachusetts,MA,Northeast,703218890.59,6983.0,12.351379826778532,100.70440936417013,1.1045504235335928,11.604036191827394,-27.614888469643173,5.309000833383797,121.72877037191296,202.08566433566435,24.741997612854707,-0.4538889805879161,23.73604435611652,54.29144477505689,Low need / high finance,High finance / stronger progress,0.1352721155316086,39,22,19
Michigan,MI,Midwest,1004570948.94,10033.625,12.452604527023711,100.12043991478653,1.1152597144338543,5.609269012753071,-18.8696847294068,7.151180923808761,307.4193998631958,276.6957001102536,31.48039513720209,-0.07835478061200228,31.27567691181598,46.12320493774843,High need / high finance,High finance / weaker progress,0.10850927823574479,23,23,27
Minnesota,MN,Midwest,589756649.94,5690.125,12.767040547437162,103.64564046308298,1.5669433666412438,4.408483057384416,-26.74077380574733,12.225091355294564,254.8982738308517,319.60208295923866,26.929264709950345,-0.33199151216555517,24.16706183157432,52.29833509800185,Low need / high finance,High finance / stronger progress,0.1265849650287394,34,20,22
Mississippi,MS,South,150747579.32,2961.375,6.388321754049034,50.90458969904183,0.008335338867790476,0.2960667607460721,-3.9089154537276904,6.631510842157401,545.5226357300506,357.0735539953193,42.310781872996785,0.5252279857001292,49.11721609476163,30.93623440690937,High need / low finance,Low finance / weaker progress,0.06549432148763762,9,43,44
Missouri,MO,Midwest,362219405.85,6166.75,7.274985943288969,58.73748827988811,0.6771508543013232,9.904184880717892,-36.19816500501835,4.799495321451102,398.49804255931593,281.96318114874816,36.60137222756803,0.20703978505096837,36.19462429782743,58.410319649646205,High need / low finance,Low finance / stronger progress,0.08817033619943573,13,40,14
Montana,MT,West,174360860.45999998,1096.25,19.322554069999335,159.05209620068413,0.6306530998749764,0.18874935983062002,-36.42370009200269,16.88773935738981,645.1346695412674,362.78747628083494,34.97418932692405,0.1163560836813303,31.757957037172616,54.88133866285739,High need / high finance,High finance / stronger progress,0.09463300496648275,16,9,18
Nebraska,NE,Midwest,452399431.74,1958.875,28.26902021854983,230.94859638312806,2.2007890279971356,12.560678973778572,-27.309268677917764,17.739098077053814,386.28500753530886,437.377673448096,30.493437213612747,-0.13335842990782043,27.43601163065666,57.37781862646656,High need / high finance,High finance / stronger progress,0.11242917079646803,25,4,17
Nevada,NV,West,303604196.34000003,3125.25,11.696728248312946,97.14557118310536,5.163258612431551,53.213582890860245,-26.252446617892478,7.202490145082121,246.29425039721417,235.32873485868103,27.812312975298337,-0.28277879910293513,22.236579267869995,79.504307970324,Low need / high finance,High finance / stronger progress,0.12307776959176613,31,25,3
New Hampshire,NH,Northeast,117998160.69999999,1380.125,10.508323116617067,85.49816915134498,-5.17141421002515,-38.719048786468235,-14.653331716375106,17.68959117389287,165.90374921778377,229.89037037037036,14.77386096113801,-1.009418126683458,20.152355169668958,10.099473500733772,Low need / low finance,Low finance / weaker progress,0.17486248080597966,45,32,49
New Jersey,NJ,Northeast,558381481.28,9175.875,7.381634056751498,60.85321359325405,0.4187408159322752,7.134354551794786,-25.47939492038589,3.346361470956553,167.68213891280723,233.05738073807385,29.4337578495218,-0.19241488076086213,29.563718854789798,49.345949203560096,Low need / low finance,Low finance / stronger progress,0.11663789049643809,28,38,24
New Mexico,NM,West,363566804.62,2110.125,21.393975195634,172.2963353450625,6.252688700271634,72.2470522993356,-41.69402493445151,6.374996769863818,530.6184630206383,314.31772575250835,40.15836496494896,0.4052727354113514,33.3681249896384,100.0,High need / high finance,High finance / stronger progress,0.07404305778507494,10,8,1
New York,NY,Northeast,1653025832.47,19757.375,10.362816935565236,83.66626803763153,0.26100682794176944,-1.4850774572297887,-13.311098893687845,7.976964282052427,101.62169427918144,181.68127998366847,20.544039509661975,-0.6878432452507999,20.988614333770634,37.41467988445263,Low need / low finance,Low finance / weaker progress,0.15194511074815026,42,33,38
North Carolina,NC,South,966852659.9599999,10601.75,10.97266885583705,91.19745890631263,0.028107768019144608,2.8952879219625416,-20.713786432063497,7.400472775511427,220.55554570041775,243.91543402101985,27.307258402058068,-0.31092573825585057,28.44354600312369,43.47325994102591,Low need / low finance,Low finance / weaker progress,0.12508369063164576,33,30,33
North Dakota,ND,Midwest,327886764.5,774.875,51.87091488901913,423.1479457977093,-1.2133098885721036,9.97516027689791,-13.758296383569313,14.172543342407964,998.6343582722156,786.5693527080581,67.26504185886617,1.915941137591835,81.1017446590713,37.95789020037161,High need / high finance,High finance / weaker progress,-0.03361630495246516,4,2,37
Ohio,OH,Midwest,1455640008.71,11754.75,15.362424943593053,123.83419542823114,0.6729130305658844,11.750161647142576,-19.363967002059645,4.063387563941154,313.2243411595592,304.8847934167667,36.073029195233424,0.17759496864710952,37.33229131058746,47.52320639089761,High need / high finance,High finance / stronger progress,0.09026875181823583,15,15,25
Oklahoma,OK,South,161362153.57,3997.75,4.978003941163532,40.36324271652804,3.3661575348323307,31.935326486883042,-13.638447433271494,9.409064414150665,482.5993333284858,385.07092018301984,39.091352667233636,0.34580761656979214,38.515666058701925,58.225110767476,High need / low finance,Low finance / stronger progress,0.07828090163641505,11,44,15
Oregon,OR,West,523091409.78000003,4225.875,15.342732572388421,123.7829821705564,-2.491052261409191,-0.2141345237406611,-13.798512366705928,30.992990384697112,169.73456389155538,198.59729925247166,0.0,-1.8327726462928784,1.8140325827465758,30.819719261294864,Low need / high finance,High finance / weaker progress,0.23353970127360774,50,16,45
Pennsylvania,PA,Northeast,1185538372.7,12932.0,11.375508193595657,91.67478910454686,-0.2730951790537537,-8.743427372822765,-12.554385064009832,5.29075169585319,284.5166097057209,292.209925752247,33.4531339009049,0.03158691854003179,36.14001086701014,32.80147525065176,High need / low finance,Low finance / weaker progress,0.1006741681269307,19,29,42
Rhode Island,RI,Northeast,109355654.63,1084.5,12.367890565171221,100.83508956201014,2.0197659216015484,36.160529847694804,4.112540129772313,5.2936978996686594,167.0364597866997,171.0321665089877,24.548963491003246,-0.46464686690370793,25.39117257398302,43.973936107478,Low need / high finance,High finance / weaker progress,0.1360387875447978,40,21,29
South Carolina,SC,South,201376101.35999998,5221.625,4.630109507839939,38.56579156105618,0.28739641213078926,3.72871872378715,-19.48389155803314,8.677754847898354,309.4769393822998,325.712950069624,32.29220875043057,-0.03311200966063454,32.80568793845283,43.63130169178269,High need / low finance,Low finance / weaker progress,0.10528500487299075,22,46,32
South Dakota,SD,Midwest,107223806.84,897.25,14.567053642847732,119.5027103259961,11.489211605069553,33.81459127868656,-7.550724958229704,29.20274630884948,282.378606260571,394.2883295194508,14.061519112375988,-1.0491172873989898,0.0,76.5632333140816,Low need / high finance,High finance / stronger progress,0.17769168299070817,46,18,4
Tennessee,TN,South,382408602.32,6960.625,6.6369453229843725,54.938831257250605,-0.47592569803031104,-6.621898357164913,-28.36159640908802,6.381154329690959,272.8847060147573,308.099627699181,32.77778220474207,-0.006050762823305586,33.86937475303591,43.8807586838632,High need / low finance,Low finance / weaker progress,0.10335645683082283,20,41,30
Texas,TX,South,1761521849.45,29608.75,7.066387209824253,59.49328659433445,1.8789792591861465,52.27682504982827,-26.049445620934897,3.928700375178563,397.0670174106481,450.3410978756495,45.32209107405169,0.6930497248617381,46.211305902083275,70.19676849293394,High need / low finance,Low finance / stronger progress,0.0535343298272799,6,39,8
Utah,UT,West,360395514.61,3304.0,12.927010843084703,109.07854558414044,0.8671258416363008,25.095555513870906,-37.804038263499166,4.290071915149609,342.7981984599739,258.1256443298969,34.468375600941236,0.08816683657362284,33.823233212615484,65.58743584543053,High need / high finance,High finance / stronger progress,0.09664194112698388,17,19,10
Vermont,VT,Northeast,126840398.23,638.375,24.538353215188632,198.692615202663,-4.597721213760735,-34.184984294159726,-19.090193057361038,23.39392343497084,178.0651258699201,206.5904,8.265515841144122,-1.3721313932980987,11.423495422972701,16.3465252278493,Low need / high finance,High finance / weaker progress,0.20071162088451716,47,5,47
Virginia,VA,South,798380833.95,8633.625,11.337134489661107,92.47342037093343,1.038048379177643,18.818645586130867,-23.229645048882475,6.738684912906823,203.9862009848453,278.90945579034354,29.157303418956463,-0.20782182180834877,29.58588044905228,53.74626104755096,Low need / low finance,Low finance / stronger progress,0.11773588225459833,29,28,20
Washington,WA,West,691734784.77,7699.25,10.937515887503773,89.84443741533266,-3.5770736527652858,-15.775262466844975,-35.3456422988744,27.47468041821934,149.66726065663144,220.23263327948303,4.008901602795865,-1.60935459315065,5.109136524009534,36.987404429941954,Low need / low finance,Low finance / weaker progress,0.2176175801842699,48,31,39
West Virginia,WV,South,328176687.0,1788.625,23.176882645916784,183.47987252777972,-0.8500758749015045,-11.242585452513154,-32.239684614188846,4.1234682355097165,1206.227285546291,407.98130841121497,65.38093186124766,1.8109387630560865,71.97910481067963,43.84402357740647,High need / high finance,High finance / weaker progress,-0.026133200975357804,5,6,31
Wisconsin,WI,Midwest,460637229.13,5874.5,9.700082409574478,78.41301032087837,0.445327097414312,-3.611290380094534,-24.037559055672908,9.711818600982967,305.47384981303986,307.7448644916278,30.29839986811106,-0.14422795686044654,29.746409854473313,44.49180190687724,Low need / low finance,Low finance / weaker progress,0.11320379899633583,26,35,28
Wyoming,WY,West,84404591.82,581.375,18.052936300427476,145.18097926467425,2.7527964192851595,38.776682014616924,-28.321232183168377,5.298834042292745,1668.5140735188183,901.4344827586207,100.0,3.7402764149864876,99.99999999999999,69.15855967956931,High need / high finance,High finance / stronger progress,-0.16362946541867351,1,12,9