Year,Official document / instrument,Issuer,Status,CAIIF coverage,Primary analytical relevance
2016,Malaysia First Biennial Update Report (BUR1),Government of Malaysia / UNFCCC,Submitted,"CA1-CA5, CA8","National inventory methods, activity data, factors, QA/QC and domestic MRV baseline."
2018,Third National Communication + Second Biennial Update Report (NC3/BUR2),Government of Malaysia / UNFCCC,Submitted,"CA1-CA5, CA8","Updated inventory methods, institutional arrangements, QA/QC and sector data flows."
2020,Third Biennial Update Report (BUR3),Government of Malaysia / UNFCCC,Submitted,"CA1-CA5, CA8","Updated inventory, recalculation, uncertainty, QA/QC and transparency arrangements."
2022,Fourth Biennial Update Report (BUR4),Government of Malaysia / UNFCCC,Submitted,"CA1-CA5, CA8",Pre-ETF national inventory and reporting architecture.
2024,Fourth National Communication (NC4),Government of Malaysia / UNFCCC,Submitted,"CA1-CA5, CA8","National inventory architecture, sector methods and institutional arrangements."
2024,First Biennial Transparency Report (BTR1),NRES / Government of Malaysia / UNFCCC,Submitted,"CA1-CA5, CA8","Enhanced Transparency Framework inventory, methods, QA/QC, uncertainty and governance."
2024,Common Reporting Tables (CRT),Government of Malaysia / UNFCCC,Submitted,CA1-CA5,Structured national GHG inventory tables under the Enhanced Transparency Framework.
2024,"Grid Emission Factor in Malaysia, 2017-2022",Energy Commission Malaysia,Official factor series,CA2-CA4,"Region-specific electricity factors for Peninsular Malaysia, Sabah and Sarawak."
2024,National Sustainability Reporting Framework (NSRF),Securities Commission / ACSR,"Operative, phased","CA1, CA2, CA5, CA6",Corporate Scope 1/2/3 disclosure architecture based on IFRS S1/S2; assurance phased.
2024,Public consultation on proposed National Climate Change Bill (RUU PIN),NRES,Proposed / consultation,CA5-CA8,"Emerging statutory basis for emissions reporting, MRV, data platform and compliance architecture."
2025,Malaysia NDC Roadmap and Action Plan,NRES,Official roadmap,"CA4, CA5, CA8","Sectoral monitoring/reporting, sectoral verification and cross-sectoral decision processes."
2026,"Grid Emission Factor in Malaysia, 2022-2024 (Provisional)",Energy Commission Malaysia,"Official, provisional",CA2-CA4,"Updated regional grid factors with recalculation, technical validation and transparent revision note."
2026,National Carbon Market Policy for Malaysia,NRES,Official policy,CA6-CA8,"Calls for high-integrity verification, MRV support and development/operationalisation of a national carbon registry."
2026,Mandatory Sustainability Assurance Requirements - revised commencement,Securities Commission / ACSR,"Official, phased",CA6,"Reasonable assurance over Scope 1/2 begins in 2028, 2029 and 2030 for Groups 1-3 respectively."
2026,Technical expert review of Malaysia BTR1,UNFCCC,Independent official review,"CA4, CA6",External technical review of BTR1 conducted in Dec 2025; review report published June 2026.
